(eye)TEACH,https://one.illinois.edu/eyeTEACH/
4 Paws for Ability at the University of Illinois Urbana-Champaign,https://uiuc4paws.com
4-H House Cooperative Sorority,https://one.illinois.edu/4HHouseCooperative/
8 to CREATE,https://one.illinois.edu/8toCREATE/
A Space,https://one.illinois.edu/ASpace/
Academic Buzzer Team: A Quiz Bowl Organization,https://one.illinois.edu/AcademicBuzzerTeam/
Accounting Club,https://one.illinois.edu/AccountingClub/
ACHA Men's Division II Hockey Club at the University of Illinois Urbana-Champaign,https://one.illinois.edu/ACHAMensDivision2HockeyClub/
Acoustics at the University of Illinois,https://one.illinois.edu/AcousticsattheUniversityofIllinois/
ActGreen,https://one.illinois.edu/ActGreen/
Action Against Hunger at the University of Illinois at Urbana-Champaign,https://one.illinois.edu/ActionAgainstHunger/
Active Minds,https://one.illinois.edu/ActiveMinds/
Acts Campus Ministry at UIUC,https://one.illinois.edu/ActsCampusMinistry/
Actually Neurodivergent,https://one.illinois.edu/ActuallyNeurodivergent/
Actuarial Science Club,https://one.illinois.edu/ActuarialScienceClub/
Adventure Club,https://one.illinois.edu/AdventureClub/
Advocacy & Legal Writing Association,https://one.illinois.edu/AdvocacyLegalWritingAssociation/
Aerospace Engineering Graduate Student Advisory Committee,https://one.illinois.edu/AerospaceEngineeringGraduateStudentAdvisoryCommittee/
African Cultural Association,https://one.illinois.edu/AfricanCulturalAssociation/
African Students Organization,https://one.illinois.edu/AfricanStudentsOrganization/
Afrique Dance Ensemble,https://one.illinois.edu/AfriqueDanceEnsemble/
Agricultural & Consumer Economics - Graduate Student Organization,https://one.illinois.edu/agriculturalandconsumereconomicsgraduatestudentorg/
Ahlul Bayt Association at UIUC,https://one.illinois.edu/AhlulBaytAssociationat/
AI @ UIUC,https://one.illinois.edu/AIUIUC/
Airsoft at Illinois,https://one.illinois.edu/Airsoft/
Akshaya Patra,https://one.illinois.edu/AkshayaPatra/
Albanian Student Association,https://one.illinois.edu/AlbanianStudentAssociation/
Alive Vineyard College Ministry,https://one.illinois.edu/AliveVineyardCollegeMinistry/
Alma's Talking Dogs,https://one.illinois.edu/AlmasTalkingDogs/
ALPFA Illinois,https://one.illinois.edu/ALPFAIllinois/
Alpha Chi Omega,https://one.illinois.edu/AlphaChiOmega/
Alpha Chi Rho,https://one.illinois.edu/AlphaChiRho/
Alpha Chi Sigma,https://one.illinois.edu/AlphaChiSigma/
Alpha Delta Phi Fraternity,https://one.illinois.edu/AlphaDeltaPhi/
Alpha Delta Pi,https://one.illinois.edu/AlphaDeltaPi/
Alpha Epsilon Delta Pre-Health Society,https://one.illinois.edu/AlphaEpsilonDelta/
Alpha Epsilon Phi Sorority,https://one.illinois.edu/AlphaEpsilonPhi/
Alpha Epsilon Pi,https://one.illinois.edu/AlphaEpsilonPi/
Alpha Gamma Delta,https://one.illinois.edu/AlphaGammaDelta/
Alpha Gamma Rho,https://one.illinois.edu/AlphaGammaRho/
Alpha Investment Management Partners,https://one.illinois.edu/AlphaInvestmentManagementPartners/
"Alpha Kappa Alpha Sorority, Incorporated. Gamma Chapter",https://one.illinois.edu/AlphaKappaAlpha/
Alpha Kappa Delta Phi,https://one.illinois.edu/AlphaKappaDeltaPhi/
Alpha Kappa Psi Professional Business Fraternity,https://one.illinois.edu/AlphaKappaPsi/
Alpha Omega Campus Ministry,https://one.illinois.edu/AlphaOmega/
Alpha Omega Epsilon Engineering Sorority,https://one.illinois.edu/AlphaOmegaEpsilon/
Alpha Omicron Pi,https://one.illinois.edu/AlphaOmicronPi/
"Alpha Phi Alpha Fraternity, Incorporated",https://one.illinois.edu/AlphaPhiAlpha/
"Alpha Phi Gamma National Sorority, Inc.",https://one.illinois.edu/AlphaPhiGamma/
Alpha Phi International Sorority,https://one.illinois.edu/AlphaPhi/
Alpha Phi Omega,https://one.illinois.edu/AlphaPhiOmega/
"Alpha Pi Sigma Sorority, Incorporated. - Xi Chapter",https://one.illinois.edu/AlphaPiSigma/
Alpha Psi Lambda,https://one.illinois.edu/AlphaPsiLambda/
Alpha Rho Chi,https://one.illinois.edu/AlphaRhoChi/
"Alpha Sigma Omega Latina Sorority, Inc.",https://one.illinois.edu/alphasigmaomega/
Alpha Sigma Phi Fraternity,https://one.illinois.edu/AlphaSigmaPhi/
Alpha Tau Alpha/Ag Ed Club,https://one.illinois.edu/AlphaTauAlpha/
Alpha Tau Omega: Gamma Zeta,https://one.illinois.edu/AlphaTauOmega/
Alpha Xi Delta,https://one.illinois.edu/AlphaXiDelta/
Alpha Zeta Morrow,https://one.illinois.edu/AlphaZetaMorrow/
Also Known as Improv (AKA Improv),https://linktr.ee/aka.improv
Altgeld Ringers,https://one.illinois.edu/AltgeldRingers/
Amateur Artists of Illustration,https://one.illinois.edu/AmateurArtistsofIllustration/
American Advertising Federation at the University of Illinois,https://one.illinois.edu/AmericanAdvertisingFederation/
American Association for Aerosol Research at UIUC,https://one.illinois.edu/AmericanAssociationforAerosolResearch/
"American Association of Zoo Veterinarians, Illinois Student Chapter",https://one.illinois.edu/AmericanAssociationofZooVeterinarians/
American Cancer Society On Campus,https://one.illinois.edu/AmericanCancerSocietyOnCampus/
American Chemical Society,https://one.illinois.edu/AmericanChemicalSociety/
American Choral Directors Association University of Illinois Student Chapter,https://one.illinois.edu/AmericanChoralDirectorsAssociation/
American Concrete Institute,https://one.illinois.edu/AmericanConcreteInstitute/
American Constitution Society,https://one.illinois.edu/AmericanConstitutionSociety/
"American Fisheries Society, U of I Student Subunit",https://one.illinois.edu/AmericanFisheriesSocietyUofIStudentSubunit/
American Institute of Aeronautics and Astronautics Student Branch,https://one.illinois.edu/AmericanInstituteofAeronauticsandAstronauticsStudentBranch/
American Institute of Architecture Students,https://one.illinois.edu/AmericanInstituteofArchitectureStudents/
American Institute of Chemical Engineers,https://one.illinois.edu/AmericanInstituteofChemicalEngineers/
"American Library Association Student Chapter at the University of Illinois, Urbana-Champaign",https://one.illinois.edu/AmericanLibraryAssociationStudentChapter/
American Marketing Association,https://one.illinois.edu/AmericanMarketingAssociation/
American Medical Student Association Pre-Med,https://one.illinois.edu/AmericanMedicalStudentAssociationPreMed/
American Medical Women's Association at UIUC,https://one.illinois.edu/AmericanMedicalWomensAssociation/
"American Nuclear Society, University of Illinois Student Section",https://one.illinois.edu/AmericanNuclearSociety/
American Railway Engineering and Maintenance-of-Way Association Student Chapter at UIUC,https://publish.illinois.edu/aremachapter/
American Red Cross Club at the University of Illinois at Urbana Champaign,https://one.illinois.edu/AmericanRedCrossClub/
American Sign Language & Deaf Culture Club,https://one.illinois.edu/AmericanSignLanguageDeafCultureClub/
American Society for Biochemistry and Molecular Biology Student Chapter at UIUC,https://one.illinois.edu/AmericanSocietyforBiochemistryandMolecularBiologyStudentChapter/
American Society of Agricultural and Biological Engineers,https://one.illinois.edu/AmericanSocietyofAgriculturalandBiologicalEngineers/
American Society of Civil Engineers,https://one.illinois.edu/AmericanSocietyofCivilEngineers/
American Society of Mechanical Engineers,https://one.illinois.edu/AmericanSocietyofMechanicalEngineers/
American String Teachers Association,https://one.illinois.edu/AmericanStringTeachersAssociation/
Amnesty International 124,https://www.universityymca.org/students/y-affiliated-student-organizations/amnesty-international
Among Us Club,https://one.illinois.edu/AmongUsClub/
Animal Welfare Club,https://one.illinois.edu/AnimalWelfareClub/
Anomaly Detection,https://one.illinois.edu/AnomalyDetection/
Anthropology Club/Lambda Alpha,https://one.illinois.edu/AnthropologyClub/
Apollo,https://one.illinois.edu/Apollo/
Arab American Association of Engineers and Architects,https://one.illinois.edu/ArabAmericanAssociationofEngineersandArchitects/
Arab International Relief Fund (AIRF),https://one.illinois.edu/arabinternationalrelieffund/
Arab Student Association,https://one.illinois.edu/ArabStudentAssociation/
Archery Club,https://one.illinois.edu/ArcheryClub/
Armchair Detectives,https://one.illinois.edu/ArmchairDetectives/
Armenian Students' Cultural Association,https://one.illinois.edu/ArmenianStudentsCulturalAssociation/
Army ROTC Cadet Council,https://one.illinois.edu/ArmyROTCCadetCouncil/
Arnold Air Society - Jake Schaefer Squadron,https://one.illinois.edu/ArnoldAirSocietyJakeSchaeferSquadron/
Arpeggia,https://one.illinois.edu/Arpeggia/
Art Ed Student Organization,https://one.illinois.edu/ArtEdStudentOrganization/
ArtNight,https://one.illinois.edu/ArtNight/
Ascend UIUC Chapter,https://one.illinois.edu/Ascend/
Asha for Education: Urbana-Champaign,https://one.illinois.edu/AshaforEducation/
Asian American Association,https://one.illinois.edu/AsianAmericanAssociation/
"Asian American Coalition Combating Oppression, Racism, and Discrimination",https://one.illinois.edu/AsianAmericanCoalitionCombatingOppressionRacismandDiscrimination/
Asian American Journalists Association,https://one.illinois.edu/AsianAmericanJournalistsAssociation/
Asian American Student Housing Organization,https://one.illinois.edu/AsianAmericanStudentHousingOrganization/
Asian Law Students Association,https://one.illinois.edu/AsianLawStudentsAssociation/
Asian Pre-Law Association,https://one.illinois.edu/AsianPreLawAssociation/
Asian Studies Group,https://one.illinois.edu/AsianStudiesGroup/
Aspiring Women in Health,https://one.illinois.edu/AspiringWomeninHealth/
Association for Computing Machinery,https://one.illinois.edu/AssociationforComputingMachinery/
Association for Computing Machinery - Women,https://one.illinois.edu/AssociationforComputingMachineryWomen/
Association for Information Systems,https://one.illinois.edu/AssociationforInformationSystems/
Association for Quantitative Trading Education,https://one.illinois.edu/AssociationforQuantitativeTradingEducation/
Association of Asian Veterinary Medical Professionals at Illinois (AAVMP),https://one.illinois.edu/AssociationofAsianVeterinaryMedicalProfessionals/
Association of Food Technologists,https://one.illinois.edu/AssociationofFoodTechnologists/
Association of Healthcare Technology Engineering,https://one.illinois.edu/AssociationofHealthcareTechnologyEngineering/
Association of Minorities in Political Science,https://one.illinois.edu/AssociationofMinoritiesinPoliticalScience/
Association of Minority Psychologists,https://one.illinois.edu/AssociationofMinorityPsychologists/
Astrobiology Club,https://one.illinois.edu/AstrobiologyClub/
Astronomical Society at the University of Illinois at Urbana-Champaign,https://one.illinois.edu/AstronomicalSociety/
August Productions,https://one.illinois.edu/AugustProductions/
Avicenna Community Health Center Student Initiative,https://one.illinois.edu/AvicennaCommunityHealthCenterStudentInitiative/
AVS Illinois Student Chapter,https://one.illinois.edu/AVSIllinoisStudentChapter/
AWS Cloud Club - UIUC,https://one.illinois.edu/AWSCloudClub/
AxisMED,https://one.illinois.edu/AxisMED/
Bachelors of Social Work Association,https://one.illinois.edu/BachelorsofSocialWorkAssociation/
Badminton For Fun,https://one.illinois.edu/BadmintonForFun/
Ballet Folklorico Mitotiani,https://one.illinois.edu/BalletFolkloricoMitotiani/
Balloon Design at Illinois,https://one.illinois.edu/BalloonDesign/
Baltic Club,https://one.illinois.edu/BalticClub/
Bandside UIUC,https://one.illinois.edu/Bandside/
Bangladeshi Students Association,https://one.illinois.edu/BangladeshiStudentsAssociation/
Bankruptcy Law Society,https://one.illinois.edu/BankruptcyLawSociety/
Baptist Campus Ministries,https://one.illinois.edu/BaptistCampusMinistries/
Baptist Chinese Campus Ministries,https://one.illinois.edu/BaptistChineseCampusMinistries/
Bar None,https://one.illinois.edu/BarNone/
Beekeeping Club at UIUC,https://one.illinois.edu/BeekeepingClub/
Bengali Students Organization (UIUC) - Abol Tabol,https://one.illinois.edu/BengaliStudentsOrganization/
Best Buddies International,https://one.illinois.edu/BestBuddiesInternational/
Beta Alpha Psi,https://one.illinois.edu/BetaAlphaPsi/
"Beta Chi Theta Fraternity, Inc.",https://one.illinois.edu/BetaChiTheta/
Beta Psi Omega,https://one.illinois.edu/BetaPsiOmega/
Beta Sigma Psi,https://one.illinois.edu/BetaSigmaPsi/
Beta Theta Pi Fraternity,https://one.illinois.edu/BetaThetaPi/
Bilingual Organization for SHS Students,https://one.illinois.edu/BilingualOrganizationforSHSStudents/
Biomedical Engineering Journal CLub,https://one.illinois.edu/BiomedicalEngineeringJournalCLub/
Biomedical Engineering Society,https://one.illinois.edu/BiomedicalEngineeringSociety/
Bioscience Journal Club,https://one.illinois.edu/BioscienceJournalClub/
Bits & Bytes UIUC,https://one.illinois.edu/BitsBytes/
Black Business Network,https://one.illinois.edu/BlackBusinessNetwork/
Black Chorus at the University of Illinois,https://one.illinois.edu/BlackChorus/
Black Creators Network,https://one.illinois.edu/BlackCreatorsNetwork/
Black Glove Society,https://one.illinois.edu/BlackGloveSociety/
Black Graduate Student Association,https://one.illinois.edu/BlackGraduateStudentAssociation/
Black Greek Council,https://one.illinois.edu/BlackGreekCouncil/
Black Law Students Association,https://one.illinois.edu/BlackLawStudentsAssociation/
Black Queer Collective at UIUC,https://one.illinois.edu/BlackQueerCollective/
Black Student Advisory Board of The School of Music,https://one.illinois.edu/BlackStudentAdvisoryBoardofTheSchoolofMusic/
"Black, Indigenous, and Latinx in Tech - B[U]ILT",https://one.illinois.edu/BlackIndigenousandLatinxinTechBUILT/
Blading Illini,https://one.illinois.edu/BladingIllini/
BLNKD,https://one.illinois.edu/BLNKD/
Blood Club,https://one.illinois.edu/BloodClub/
Blue Ocean Search,https://one.illinois.edu/BlueOceanSearch/
Bollywood Dhamaka,https://one.illinois.edu/BollywoodDhamaka/
Booker T. Buddies,https://one.illinois.edu/BookerTBuddies/
Brain Matters,https://one.illinois.edu/BrainMatters/
Brave New Midnight,https://one.illinois.edu/BraveNewMidnight/
Bridges International,https://one.illinois.edu/BridgesInternational/
Brush It Off,https://one.illinois.edu/BrushItOff/
BuildIllinois,https://one.illinois.edu/BuildIllinois/
Bullet Journaling Illini,https://one.illinois.edu/BulletJournalingIllini/
Business Council,https://one.illinois.edu/BusinessCouncil/
Business Intelligence Academy,https://one.illinois.edu/BusinessIntelligenceAcademy/
Business International Exchange Network,https://one.illinois.edu/BusinessInternationalExchangeNetwork/
C-U Cinefile,https://one.illinois.edu/CUCinefile/
Calisthenics Club,https://one.illinois.edu/CalisthenicsClub/
Camp Kesem at University of Illinois,https://one.illinois.edu/CampKesem/
Campus Sanskrit Network,https://one.illinois.edu/CampusSanskritNetwork/
Campus Union for Trans Equality and Support,https://one.illinois.edu/CampusUnionforTransEqualityandSupport/
Cancer Center at Illinois Student Organization,https://one.illinois.edu/CancerCenteratIllinoisStudentOrganization/
Canterbury Students Association,https://one.illinois.edu/CanterburyStudentsAssociation/
Capoeira Club at UIUC,https://one.illinois.edu/CapoeiraClub/
Career Advancement Exchange,https://one.illinois.edu/CareerAdvancementExchange/
Caring Companions Initiative,https://one.illinois.edu/CaringCompanionsInitiative/
Carle Volunteers RSO,https://one.illinois.edu/CarleVolunteersRSO/
Catholic Illini Association,https://one.illinois.edu/CatholicIlliniAssociation/
Central American Student Association,https://one.illinois.edu/CentralAmericanStudentAssociation/
Cereal Enthusiasts Society,https://one.illinois.edu/CerealEnthusiastsSociety/
Chabad Jewish Student Association,https://one.illinois.edu/ChabadJewishStudentAssociation/
Chai Town,https://one.illinois.edu/ChaiTown/
Champaign Photography Association,https://one.illinois.edu/ChampaignPhotographyAssociation/
Champaign-Urbana Business and Engineering Consulting,https://one.illinois.edu/BusinessandEngineeringConsulting/
Champaign-Urbana Trickers,https://one.illinois.edu/Trickers/
Change Ringers of Urbana-Champaign,https://one.illinois.edu/ChangeRingers/
Character Creation Hub,https://linktr.ee/cch_uiuc
Cheese Club At UIUC,https://one.illinois.edu/CheeseClub/
Chi Epsilon Civil Engineering Honor Society,https://one.illinois.edu/ChiEpsilonCivilEngineeringHonorSociety/
Chi Iota Chapter of the Fraternity of Phi Gamma Delta,https://one.illinois.edu/PhiGammaDelta/
Chi Omega,https://one.illinois.edu/ChiOmega/
Chi Psi Fraternity,https://one.illinois.edu/ChiPsi/
"Chi Sigma Tau National Fraternity, Inc.",https://one.illinois.edu/ChiSigmaTau/
Chicago Area Peace Action UIUC,https://one.illinois.edu/ChicagoAreaPeaceAction/
Child Life Association,https://one.illinois.edu/ChildLifeAssociation/
Chinese Engineering Students Association (CESA),https://one.illinois.edu/ChineseEngineeringStudentsAssociation/
Chinese Football Association,https://one.illinois.edu/ChineseFootballAssociation/
Chinese Heritage Association,https://one.illinois.edu/ChineseHeritageAssociation/
Chinese Language and International Development Society,https://claiduiuc.com/
Chinese Student & Scholar E-sport Association (CSSEA),https://one.illinois.edu/ChineseStudentScholarEsportAssociation/
Chinese Students and Scholars Association,https://one.illinois.edu/ChineseStudentsandScholarsAssociation/
Chinese Theatre Group,https://one.illinois.edu/ChineseTheatreGroup/
CHOOM,https://one.illinois.edu/CHOOM/
Christ Community,https://one.illinois.edu/ChristCommunity/
Christian Healthcare Student Association,https://one.illinois.edu/ChristianHealthcareStudentAssociation/
Christian Law Students Association,https://one.illinois.edu/ChristianLawStudentsAssociation/
Christian Literature Club,https://one.illinois.edu/ChristianLiteratureClub/
Christian Veterinary Mission Fellowship,https://one.illinois.edu/ChristianVeterinaryMissionFellowship/
Christians on Campus,https://one.illinois.edu/ChristiansonCampus/
Circassian Benevolent Student Association,https://one.illinois.edu/CircassianBenevolentStudentAssociation/
Circle K International-UIUC Chapter,https://one.illinois.edu/CircleKInternational/
Circular Fashion Expo (CFE),https://one.illinois.edu/circularfashionexpo/
Climate and Meteorological Association of Students,https://one.illinois.edu/climateandmeteorologicalassociationofstudents/
Climbing Club at UIUC,https://one.illinois.edu/ClimbingClub/
Club Pickleball at the University of Illinois,https://one.illinois.edu/ClubPickleball/
Club Tennis,https://one.illinois.edu/ClubTennis/
Codable,https://one.illinois.edu/Codable/
CodeRed,https://one.illinois.edu/CodeRed/
College of ACES Student Advancement Committee,https://one.illinois.edu/CollegeofACESStudentAdvancementCommittee/
College of Law Labor and Employment Law Society at the University of Illinois,https://one.illinois.edu/CollegeofLawLaborandEmploymentLawSociety/
College of Nursing at Urbana Urban Health Program,https://one.illinois.edu/CollegeofNursingatUrbanaUrbanHealthProgram/
College Republicans at UIUC,https://one.illinois.edu/CollegeRepublicans/
Collegiate 4-H,https://one.illinois.edu/Collegiate4H/
Collegiate Academy,https://one.illinois.edu/CollegiateAcademy/
Colombian Student Association at the University of Illinois,https://one.illinois.edu/ColombianStudentAssociation/
Combat Robotics,https://one.illinois.edu/CombatRobotics/
Companion Animals Club,https://one.illinois.edu/CompanionAnimalsClub/
Competitive Super Smash Bros. Club,https://one.illinois.edu/CompetitiveSuperSmashBrosClub/
Competitive Taekwondo Club,https://one.illinois.edu/CompetitiveTaekwondoClub/
Compliance and Tax Law Association,https://one.illinois.edu/ComplianceandTaxLawAssociation/
Computer Science Adapting Community,https://one.illinois.edu/ComputerScienceAdaptingCommunity/
Computer Science Mental Health Committee,https://one.illinois.edu/ComputerScienceMentalHealthCommittee/
Conch Shell Mental Support,https://one.illinois.edu/ConchShellMentalSupport/
Consumer Economics and Finance Club,https://one.illinois.edu/ConsumerEconomicsandFinanceClub/
Coptic Orthodox Christian Fellowship,https://one.illinois.edu/CopticOrthodoxChristianFellowship/
Cornerstone Christian Student Fellowship,https://one.illinois.edu/CornerstoneChristianStudentFellowship/
CornTV,https://one.illinois.edu/CornTV/
Corporate and Business Law Association,https://one.illinois.edu/CorporateandBusinessLawAssociation/
Cosmetic Chemistry Club,https://one.illinois.edu/CosmeticChemistryClub/
Cosplay Design League,https://one.illinois.edu/CosplayDesignLeague/
Covenant Fellowship,https://one.illinois.edu/CovenantFellowship/
Creative Illini,https://one.illinois.edu/CreativeIllini/
Creative Writing Club,https://one.illinois.edu/CreativeWritingClub/
Cricket Club of Illinois,https://one.illinois.edu/CricketClub/
Criminal Law Society,https://one.illinois.edu/CriminalLawSociety/
Crisis Nursery Student Initiative,https://one.illinois.edu/CrisisNurseryStudentInitiative/
Crop Sciences Graduate Student Organization,https://one.illinois.edu/CropSciencesGraduateStudentOrganization/
Cross Country Club,https://one.illinois.edu/CrossCountryClub/
Cross the Ocean Ensemble,https://one.illinois.edu/CrosstheOceanEnsemble/
Crossway,https://one.illinois.edu/Crossway/
Crossword Club,https://one.illinois.edu/CrosswordClub/
Cru,https://one.illinois.edu/Cru/
CSC,https://one.illinois.edu/CSC/
CU Impact,https://one.illinois.edu/CUImpact/
CULTURE TALKS,https://one.illinois.edu/CULTURETALKS/
Dance2XS at UIUC,https://one.illinois.edu/Dance2XSatUIUC/
Dance2XS Caliente,https://one.illinois.edu/Dance2XSCaliente/
Dancing Illini,https://one.illinois.edu/DancingIllini/
Danza Azteca Xochipilli,https://one.illinois.edu/DanzaAztecaXochipilli/
Data Science and Artificial Intelligence Society,https://one.illinois.edu/DataScienceandArtificialIntelligenceSociety/
DDRIllini,https://one.illinois.edu/DDRIllini/
DeepRanjani UIUC Chapter,https://one.illinois.edu/DeepRanjani/
Delight Ministries,https://one.illinois.edu/DelightMinistries/
Delta Chi Fraternity,https://one.illinois.edu/DeltaChi/
Delta Delta Delta Sorority,https://one.illinois.edu/DeltaDeltaDelta/
Delta Delta Sigma,https://one.illinois.edu/DeltaDeltaSigma/
Delta Gamma Sorority,https://one.illinois.edu/DeltaGamma/
"Delta Kappa Delta Sorority, Inc.",https://one.illinois.edu/DeltaKappaDelta/
Delta Kappa Epsilon : Delta Pi,https://one.illinois.edu/DeltaKappaEpsilonDeltaPi/
"Delta Phi Omega Sorority, Inc.",https://one.illinois.edu/DeltaPhiOmega/
Delta Sigma Pi Business Fraternity,https://one.illinois.edu/DeltaSigmaPi/
"Delta Sigma Theta Sorority, Inc Alpha Nu Chapter",https://one.illinois.edu/DeltaSigmaTheta/
Delta Upsilon,https://one.illinois.edu/DeltaUpsilon/
Delta Zeta,https://one.illinois.edu/DeltaZeta/
Department of Chemical and Biomolecular Engineering Graduate Student Advisory Council University of Illinois at Urbana Champaign,https://one.illinois.edu/DepartmentofChemicalandBiomolecularEngineeringGraduateStudentAdvisoryCouncil/
Department of Student Engagement,https://studentengagement.illinois.edu/
Design Build Fly,https://one.illinois.edu/DesignBuildFly/
Design For America at UIUC,https://one.illinois.edu/DesignForAmerica/
Design Innovation Illinois,https://one.illinois.edu/DesignInnovationIllinois/
Design Movement,https://one.illinois.edu/DesignMovement/
Destino,https://one.illinois.edu/Destino/
Deutschklub at Illinois,https://one.illinois.edu/Deutschklub/
Dheem,https://one.illinois.edu/Dheem/
Disability Law Society,https://one.illinois.edu/DisabilityLawSociety/
Diverse Curlz,https://one.illinois.edu/DiverseCurlz/
Divine Youth Associates,https://one.illinois.edu/DivineYouthAssociates/
DIY Illini,https://one.illinois.edu/DIYIllini/
Doctoral Students in Urban Planning,https://one.illinois.edu/DoctoralStudentsinUrbanPlanning/
Doctors Without Borders at The University of Illinois Urbana-Champaign,https://one.illinois.edu/DoctorsWithoutBorders/
Earthquake Engineering Research Institute,https://one.illinois.edu/EarthquakeEngineeringResearchInstitute/
Earthworm Protection at Illinois,https://one.illinois.edu/EarthwormProtection/
East African Community Club,https://one.illinois.edu/EastAfricanCommunityClub/
Eastern European Illini,https://one.illinois.edu/EasternEuropeanIllini/
Eastern Medicine Club at UIUC,https://one.illinois.edu/EasternMedicineClub/
Ecclesia,https://one.illinois.edu/Ecclesia/
Eco Illini Supermileage,https://one.illinois.edu/EcoIlliniSupermileage/
Economics Club,https://one.illinois.edu/EconomicsClub/
Economics Graduate Student Organization,https://one.illinois.edu/EconomicsGraduateStudentOrganization/
Economics Tournament at the University of Illinois,https://one.illinois.edu/EconomicsTournament/
Ecuadorian Student Association,https://one.illinois.edu/EcuadorianStudentAssociation/
Education And Training For Health,https://one.illinois.edu/EducationAndTrainingForHealth/
Education Law and Policy Society,https://one.illinois.edu/EducationLawandPolicySociety/
Effective Altruism Chapter at University of Illinois Urbana-Champaign,https://one.illinois.edu/EffectiveAltruismChapter/
Egyptian Student Association,https://one.illinois.edu/EgyptianStudentAssociation/
Election Law Student Association,https://one.illinois.edu/ElectionLawStudentAssociation/
Electric Strings,https://one.illinois.edu/ElectricStrings/
Electronic Music Club,https://one.illinois.edu/ElectronicMusicClub/
Elevate Campus Ministry,https://one.illinois.edu/ElevateCampusMinistry/
Emergency Management at UIUC,https://one.illinois.edu/emergencymanagement/
Empowering Minorities and Building Representation Across Civil and Environmental Engineering (EMBRACE),https://one.illinois.edu/empoweringminoritiesbuildingrepresentationcivil/
Enactus,https://one.illinois.edu/Enactus/
Energy and Environmental Law Society,https://one.illinois.edu/EnergyandEnvironmentalLawSociety/
Engineering Council,https://www.ecillinois.org/
Engineering Outreach Society,https://one.illinois.edu/EngineeringOutreachSociety/
Engineering Student Alumni Ambassadors,https://one.illinois.edu/EngineeringStudentAlumniAmbassadors/
Engineers in Action Bridge Program,https://one.illinois.edu/EngineersinActionBridgeProgram/
"Engineers Without Borders, UIUC Chapter",https://www.ewbuiuc.org
English Corner,https://one.illinois.edu/EnglishCorner/
English Student Association,https://one.illinois.edu/EnglishStudentAssociation/
Entomology Graduate Students Association,https://one.illinois.edu/EntomologyGraduateStudentsAssociation/
Environmental Coalition,https://one.illinois.edu/EnvironmentalCoalition/
Epsilon Delta Professional Teaching Organization,https://one.illinois.edu/EpsilonDeltaProfessionalTeachingOrganization/
Epsilon Eta,https://one.illinois.edu/EpsilonEta/
Equity Research Association,https://one.illinois.edu/EquityResearchAssociation/
Eta Kappa Nu Electrical and Computer Engineering Society,https://one.illinois.edu/EtaKappaNuElectricalandComputerEngineeringSociety/
Euchre League,https://one.illinois.edu/EuchreLeague/
Evangelical Christian Union,https://one.illinois.edu/EvangelicalChristianUnion/
Every Voice Coalition Illinois,https://one.illinois.edu/EveryVoiceCoalitionIllinois/
FACES Consulting,https://one.illinois.edu/FACESConsulting/
Faith & Agape Ministry,https://one.illinois.edu/FaithAgapeMinistry/
Falling Illini Skydiving,https://one.illinois.edu/FallingIlliniSkydiving/
FarmHouse Fraternity,https://one.illinois.edu/FarmHouse/
Federalist Society for Law & Public Policy Studies,https://one.illinois.edu/FederalistSocietyforLawPublicPolicyStudies/
Feminist Disability Justice Collective,https://one.illinois.edu/FeministDisabilityJusticeCollective/
Fencing Illini,https://one.illinois.edu/FencingIllini/
Field and Furrow Agronomy Club,https://one.illinois.edu/FieldandFurrowAgronomyClub/
FIFA 25 Soccer Club @UIUC,https://one.illinois.edu/FIFA25SoccerClub/
First Generation Law Student Society,https://one.illinois.edu/FirstGenerationLawStudentSociety/
First Love,https://one.illinois.edu/FirstLove/
FishPond,https://one.illinois.edu/FishPond/
Fizaa,https://one.illinois.edu/Fizaa/
Flashpoint Photography Club,https://one.illinois.edu/FlashpointPhotographyClub/
Flippin' Illini Gymnastics Club,https://one.illinois.edu/FlippinIlliniGymnasticsClub/
Floor Lovers Illinois,https://one.illinois.edu/FloorLoversIllinois/
Flying Illini Booster Club,https://one.illinois.edu/FlyingIlliniBoosterClub/
Food Justice Alliance,https://one.illinois.edu/FoodJusticeAlliance/
Food Product Development Club,https://one.illinois.edu/FoodProductDevelopmentClub/
Food Science and Human Nutrition Graduate Student Association,https://one.illinois.edu/FSHNGSA/
Forging Unity Solidarity and Equity for QTPOC,https://one.illinois.edu/ForgingUnitySolidarityandEquityforQTPOC/
Formosa Volleyball Enthusiasts,https://one.illinois.edu/FormosaVolleyballEnthusiasts/
Foundation for International Medical Relief of Children - UIUC Chapter,https://one.illinois.edu/FoundationforInternationalMedicalReliefofChildren/
Founders - Illinois Entrepreneurs,https://one.illinois.edu/FoundersIllinoisEntrepreneurs/
French Club,https://one.illinois.edu/FrenchClub/
From the Ground Up,https://one.illinois.edu/FromtheGroundUp/
FSAE Illini Motorsports,https://one.illinois.edu/FSAEIlliniMotorsports/
Fulbright Student Association,https://one.illinois.edu/FulbrightStudentAssociation/
Future Business Leaders of America Collegiate,https://one.illinois.edu/FutureBusinessLeadersofAmericaCollegiate/
Future Health Care Executives,https://one.illinois.edu/FutureHealthCareExecutives/
Gah Rahk Mah Dahng,https://one.illinois.edu/GahRahkMahDahng/
Game Night,https://one.illinois.edu/GameNight/
Gamma Iota Sigma,https://one.illinois.edu/GammaIotaSigma/
Gamma Phi Beta Sorority,https://one.illinois.edu/GammaPhiBeta/
"Gamma Phi Omega International Sorority, Inc.",https://one.illinois.edu/GammaPhiOmegaInternational/
Gargoyles Honors Society,https://one.illinois.edu/GargoylesHonorsSociety/
Gender and Women's Studies RSO,https://one.illinois.edu/GenderandWomensStudiesRSO/
GeoClub,https://one.illinois.edu/GeoClub/
Geography Graduate Student Association,https://one.illinois.edu/GeographyGraduateStudentAssociation/
Geometry Lab Undergrad Outreach,https://one.illinois.edu/GeometryLabUndergradOutreach/
Geotechnical Engineering Student Organization,https://one.illinois.edu/GeotechnicalEngineeringStudentOrganization/
Ghost Electric Motorcycles,https://ghostelectric.web.illinois.edu/
Ghungroo Dance Company,https://one.illinois.edu/GhungrooDanceCompany/
Gift of Life UIUC,https://one.illinois.edu/GiftofLife/
Girl Gains at UIUC,https://one.illinois.edu/GirlGains/
Girl Up UIUC,https://one.illinois.edu/GirlUp/
Girls Next Door,https://one.illinois.edu/GirlsNextDoor/
GLAM Squad,https://one.illinois.edu/GLAMSquad/
Global Medical Training,https://one.illinois.edu/GlobalMedicalTraining/
Global Studies Professional Society,https://one.illinois.edu/GlobalStudiesProfessionalSociety/
Glory Nation Prayer City,https://one.illinois.edu/GloryNationPrayerCity/
Go Club @ UIUC,https://one.illinois.edu/GoClub/
Golden Apple - Illini,https://one.illinois.edu/GoldenApple/
Good Athlete Project - UIUC,https://one.illinois.edu/GoodAthleteProjec/
Google Developers Student Club,https://one.illinois.edu/GoogleDevelopersStudentClub/
Gospel Fellowship,https://one.illinois.edu/GospelFellowship/
Graduate Biomedical Engineering Society,https://one.illinois.edu/GraduateBiomedicalEngineeringSociety/
Graduate Consulting Club,https://one.illinois.edu/GraduateConsultingClub/
Graduate Employees' Organization,https://one.illinois.edu/GraduateEmployeesOrganization/
"Graduate Organization of, for and by Latine Students",https://one.illinois.edu/GraduateOrganizationofforandbyLatineStudents/
Graduate Student Association of Animal Scientists,https://one.illinois.edu/GraduateStudentAssociationofAnimalScientists/
Graduate Students in Ecology and Evolutionary Biology,https://one.illinois.edu/GraduateStudentsinEcologyandEvolutionaryBiology/
Graduate Students of French and Italian,https://one.illinois.edu/GraduateStudentsofFrenchandItalian/
Graduate Women in the Society of Women Engineers,https://one.illinois.edu/GraduateWomenintheSocietyofWomenEngineers/
Greek Graduate Student Association,https://one.illinois.edu/GreekGraduateStudentAssociation/
Greek InterVarsity Christian Fellowship,https://one.illinois.edu/GreekInterVarsityChristianFellowship/
Greeks Redefined,https://one.illinois.edu/GreeksRedefined/
Grow2Give,https://one.illinois.edu/Grow2Give/
Grupo Illini,https://one.illinois.edu/GrupoIllini/
Guild of Unpaid Illinois Lawyer Thespians,https://one.illinois.edu/GuildofUnpaidIllinoisLawyerThespians/
Habitat for Humanity Campus Chapter,https://one.illinois.edu/HabitatforHumanityCampusChapter/
Hack4Impact UIUC,https://one.illinois.edu/Hack4Impact/
Harmony Ballet,https://one.illinois.edu/HarmonyBallet/
Harry Potter Alliance,https://one.illinois.edu/HarryPotterAlliance/
Healing Everything And Reaching The Soul,https://one.illinois.edu/HealingEverythingAndReachingTheSoul/
Health and Elder Law Society,https://one.illinois.edu/HealthandElderLawSociety/
Health of The Homeless,https://one.illinois.edu/HealthofTheHomeless/
Healthcare Book Club,https://one.illinois.edu/HealthcareBookClub/
"Hedge: Equities, Options, and Alternatives",https://one.illinois.edu/HedgeEquitiesOptionsandAlternatives/
Hellenic Student Association,https://one.illinois.edu/HellenicStudentAssociation/
Her Campus Illinois,https://one.illinois.edu/HerCampus/
"Hermandad de Sigma Iota Alpha, Incorporada",https://one.illinois.edu/HermandaddeSigmaIotaAlpha/
Hillel Leadership Council,https://one.illinois.edu/HillelLeadershipCouncil/
Hindu YUVA UIUC,https://one.illinois.edu/HinduYUVA/
Hip-Hop Collective at UIUC,https://one.illinois.edu/HipHopCollectiveat/
Hip-Notic Dance Team,https://one.illinois.edu/HipNoticDanceTeam/
Hispanic Organization of Urban Studies and the Environment,https://one.illinois.edu/HispanicOrganizationUrbanStudiesandtheEnvironment/
Historical European Martial Arts Urbana/Champaign,https://one.illinois.edu/HistoricalEuropeanMartialArts/
History Graduate Student Association,https://one.illinois.edu/HistoryGraduateStudentAssociation/
Hive Society Improv Comedy Troupe,https://one.illinois.edu/HiveSocietyImprovComedyTroupe/
Hong Kong Student Association,https://one.illinois.edu/HongKongStudentAssociation/
Hoof and Horn,https://one.illinois.edu/HoofandHorn/
Horticulture Club,https://one.illinois.edu/HorticultureClub/
Hospitality Management Association,https://one.illinois.edu/HospitalityManagementAssociation/
Hot Pot Basketball Association,https://one.illinois.edu/HotPotBasketballAssociation/
Human Development and Family Studies Graduate Student Organization,https://one.illinois.edu/HumanDevelopmentandFamilyStudiesGraduateStudentOrganization/
Human Factors and Ergonomics Society at the University of Illinois Urbana-Champaign,https://one.illinois.edu/HumanFactorsandErgonomicsSociety/
Human Interest Professionals Club,https://one.illinois.edu/HumanInterestProfessionalsClub/
Human Resources and Psychology Organization,https://one.illinois.edu/HumanResourcesandPsychologyOrganization/
Humanity First at Illinois,https://one.illinois.edu/HumanityFirst/
I-CAUSE,https://one.illinois.edu/ICAUSE/
I-Leader Academia,https://one.illinois.edu/ILeaderAcademia/
Ice Skating Illini,https://one.illinois.edu/IceSkatingIllini/
iDegrees Graduate Business Association,https://one.illinois.edu/iDegreesGraduateBusinessAssociation/
If/When/How,https://one.illinois.edu/IfWhenHow/
IGNITE @UIUC,https://one.illinois.edu/IGNITEUIUC/
IlliDell of Alpha Gamma Sigma,https://one.illinois.edu/IlliDellofAlphaGammaSigma/
Illini 4000,https://one.illinois.edu/Illini4000/
Illini Air Shuttle,https://one.illinois.edu/AirShuttle/
Illini Automotive Group,https://one.illinois.edu/IlliniAutomotiveGroup/
Illini Awaaz A Cappella,https://one.illinois.edu/IlliniAwaazACappella/
Illini Badminton Intercollegiate Sports Club,https://one.illinois.edu/IlliniBadmintonIntercollegiateSportsClub/
Illini Barbell,https://one.illinois.edu/IlliniBarbell/
Illini Bass Fishing Club,https://one.illinois.edu/IlliniBassFishingClub/
Illini Bhangra,https://one.illinois.edu/IlliniBhangra/
Illini Billiards Club,https://one.illinois.edu/IlliniBilliardsClub/
Illini Blockchain,https://one.illinois.edu/IlliniBlockchain/
Illini Books to Prisoners,https://one.illinois.edu/IlliniBookstoPrisoners/
Illini Boxing,https://one.illinois.edu/IlliniBoxing/
Illini Brazilian Jiu Jitsu Club,https://one.illinois.edu/IlliniBrazilianJiuJitsuClub/
Illini CHAARG,https://one.illinois.edu/IlliniCHAARG/
Illini Chamber Strings (ICS),https://one.illinois.edu/chamberstrings/
Illini Chess Club,https://one.illinois.edu/IlliniChessClub/
Illini Chinese Christian Fellowship,https://one.illinois.edu/IlliniChineseChristianFellowship/
Illini CogLab,https://one.illinois.edu/IlliniCogLab/
Illini Crusaders,https://one.illinois.edu/IlliniCrusaders/
Illini Cubers,https://one.illinois.edu/IlliniCubers/
Illini Cycling,https://one.illinois.edu/IlliniCycling/
Illini Dairy Club,https://one.illinois.edu/IlliniDairyClub/
Illini Dancesport,https://one.illinois.edu/IlliniDancesport/
Illini Democrats,https://one.illinois.edu/IlliniDemocrats/
Illini Disc Golf Club,https://one.illinois.edu/IlliniDiscGolfClub/
Illini Electric Motorsports,https://one.illinois.edu/IlliniElectricMotorsports/
Illini Emerging Leaders,https://one.illinois.edu/IlliniEmergingLeaders/
Illini Equestrians,https://one.illinois.edu/IlliniEquestrians/
Illini Esports,https://one.illinois.edu/IlliniEsports/
Illini EV Concept,https://one.illinois.edu/IlliniEVConcept/
Illini Fighting Alzheimer's,https://one.illinois.edu/FightingAlzheimers/
Illini Fighting Hunger,https://one.illinois.edu/IlliniFightingHunger/
Illini Film and Video,https://one.illinois.edu/IlliniFilmandVideo/
Illini Forever,https://studentengagement.illinois.edu/
Illini Ghost Hunters,https://one.illinois.edu/IlliniGhostHunters/
Illini Global Forensics,https://one.illinois.edu/IlliniGlobalForensics/
Illini Hockey Club,https://one.illinois.edu/IlliniHockeyClub/
Illini Ice Girls,https://one.illinois.edu/IlliniIceGirls/
Illini Innovated + Imagined,https://one.illinois.edu/IlliniInnovatedImagined/
Illini Ishaara,https://one.illinois.edu/IlliniIshaara/
Illini Kendo Club,https://one.illinois.edu/IlliniKendoClub/
Illini Kennel Club,https://one.illinois.edu/IlliniKennelClub/
Illini Life Student Fellowship,https://one.illinois.edu/IlliniLifeStudentFellowship/
Illini Magic Society,https://one.illinois.edu/IlliniMagicSociety/
Illini Math Tournament at UIUC,https://one.illinois.edu/IlliniMathTournamentat/
Illini Medical Screening Society,https://one.illinois.edu/IlliniMedicalScreeningSociety/
Illini MediMech,https://one.illinois.edu/illinimedimech/
Illini Mens' Water Polo Club,https://one.illinois.edu/IlliniMensWaterPoloClub/
Illini Mentor Program,https://one.illinois.edu/IlliniMentorProgram/
Illini Motorcycle Club,https://one.illinois.edu/IlliniMotorcycleClub/
Illini N Motion Dance Team,https://one.illinois.edu/IlliniNMotionDanceTeam/
Illini Network Technology Group,https://one.illinois.edu/illininetworktechnologygroup/
Illini Oboe Society,https://one.illinois.edu/OboeSociety/
Illini Painting Club,https://one.illinois.edu/IlliniPaintingClub/
Illini PokeGO,https://one.illinois.edu/IlliniPokeGO/
Illini Pole Fitness,https://one.illinois.edu/PoleFitness/
Illini Powerlifting Club,https://one.illinois.edu/IlliniPowerliftingClub/
Illini Pride Student Athletic Board,https://one.illinois.edu/IlliniPrideStudentAthleticBoard/
Illini Pullers,https://one.illinois.edu/IlliniPullers/
Illini Raas,https://one.illinois.edu/IlliniRaas/
Illini Railroad Club,http://www.illinirailroadclub.org
Illini Rhythm Syndicate,https://one.illinois.edu/IlliniRhythmSyndicate/
Illini Ridgebacks Quadball Team,https://one.illinois.edu/IlliniRidgebacksQuadballTeam/
Illini RoboMaster,https://one.illinois.edu/RoboMaster/
Illini Rotaract Club,https://one.illinois.edu/IlliniRotaractClub/
Illini Service Dogs,https://one.illinois.edu/IlliniServiceDogs/
Illini Solar Car,https://one.illinois.edu/IlliniSolarCar/
Illini Speed,https://one.illinois.edu/IlliniSpeed/
Illini Statistics Club,https://one.illinois.edu/IlliniStatisticsClub/
Illini Student Musicals,https://one.illinois.edu/IlliniStudentMusicals/
Illini Students for Reproductive Justice,https://one.illinois.edu/IlliniStudentsforReproductiveJustice/
Illini Students Supporting Israel,https://one.illinois.edu/IlliniStudentsSupportingIsrael/
Illini Swim Club,https://one.illinois.edu/IlliniSwimClub/
Illini Table Tennis Club,https://one.illinois.edu/IlliniTableTennisClub/
Illini Tango,https://one.illinois.edu/IlliniTango/
Illini Thaakat Foundation,https://one.illinois.edu/IlliniThaakatFoundation/
Illini Trap and Skeet Club,https://one.illinois.edu/IlliniTrapandSkeetClub/
Illini Urban Farmers,https://one.illinois.edu/IlliniUrbanFarmers/
Illini Veterans,https://one.illinois.edu/IlliniVeterans/
Illini VEX Robotics,https://one.illinois.edu/IlliniVEXRobotics/
Illini Waterski and Wakeboard Club,https://one.illinois.edu/IlliniWaterskiandWakeboardClub/
Illini Web Shadowing,https://one.illinois.edu/WebShadowing/
Illini Wildlife and Conservation Club,https://one.illinois.edu/IlliniWildlifeandConservationClub/
Illini Women's Hockey Club,https://one.illinois.edu/IlliniWomensHockeyClub/
Illini Women's Soccer Club,https://one.illinois.edu/IlliniWomensSoccerClub/
Illini Women's Water Polo,https://one.illinois.edu/IlliniWomensWaterPolo/
Illini World Taekwondo,https://publish.illinois.edu/illiniworldtaekwondo/
Illini Wushu Club,https://one.illinois.edu/IlliniWushuClub/
Illini Young Life,https://one.illinois.edu/YoungLife/
IlliniFurs,https://one.illinois.edu/IlliniFurs/
IlliniThon,https://one.illinois.edu/IlliniThon/
Illinois Ballet Company,https://one.illinois.edu/IllinoisBalletCompany/
Illinois Biodiesel Initiative,https://one.illinois.edu/IllinoisBiodieselInitiative/
Illinois Biophysics,https://one.illinois.edu/IllinoisBiophysics/
Illinois Club Baseball,https://one.illinois.edu/IllinoisClubBaseball/
Illinois Club Dodgeball,https://one.illinois.edu/IllinoisClubDodgeball/
Illinois Consulting Group,https://one.illinois.edu/IllinoisConsultingGroup/
Illinois Data School Club,https://one.illinois.edu/IllinoisDataSchoolClub/
Illinois Data Science Club,https://one.illinois.edu/IllinoisDataScienceClub/
Illinois Decentralized Application,https://one.illinois.edu/DecentralizedApplication/
Illinois Design Challenge,https://one.illinois.edu/IllinoisDesignChallenge/
Illinois DII Club Baseball,https://one.illinois.edu/IllinoisDIIClubBaseball/
Illinois EducationÂ Association - Aspiring Educators,https://one.illinois.edu/IllinoisEducationAssociationAspiringEducators/
Illinois Golf League,https://one.illinois.edu/IllinoisGolfLeague/
Illinois Jurisprudence Society,https://one.illinois.edu/IllinoisJurisprudenceSociety/
Illinois Medical Advancements through Design and Engineering,https://one.illinois.edu/IllinoisMedicalAdvancementthroughDesignEngineering/
Illinois Men's Club Basketball,https://one.illinois.edu/IllinoisMensClubBasketball/
Illinois Men's Lacrosse Club,https://one.illinois.edu/IllinoisMensLacrosseClub/
Illinois Men's Rowing Club,https://one.illinois.edu/IllinoisMensRowingClub/
Illinois Men's Rugby,https://one.illinois.edu/IllinoisMensRugby/
Illinois Men's Soccer Club,https://one.illinois.edu/IllinoisMensSoccerClub/
Illinois Men's Volleyball Club,https://one.illinois.edu/IllinoisMensVolleyballClub/
Illinois MicroTech,https://one.illinois.edu/IllinoisMicroTech/
Illinois Model United Nations,https://one.illinois.edu/IllinoisModelUnitedNations/
Illinois Music Business Club,https://one.illinois.edu/IllinoisMusicBusinessClub/
Illinois National Organization for the Professional Advancement of Black Chemists and Chemical Engineers Student Chapter,https://one.illinois.edu/IllinoisNationalOrganizationfortheProfessionalAdvancementofBlackChemistsandChemicalEngineers/
Illinois Open Ultimate Frisbee Team,https://one.illinois.edu/IllinoisOpenUltimateFrisbeeTeam/
Illinois Promise Council,https://one.illinois.edu/PromiseCouncil/
Illinois Rip Chords,https://one.illinois.edu/IllinoisRipChords/
Illinois Robotics in Space,https://one.illinois.edu/IllinoisRoboticsinSpace/
Illinois Sailing,https://one.illinois.edu/IllinoisSailing/
Illinois Semiconductor Student Alliance,https://one.illinois.edu/IllinoisSemiconductorStudentAlliance/
Illinois Shotokan Karate Club,https://one.illinois.edu/IllinoisShotokanKarateClub/
Illinois Ski and Snowboard Club,https://one.illinois.edu/IllinoisSkiandSnowboardClub/
Illinois Solar Decathlon,https://one.illinois.edu/IllinoisSolarDecathlon/
Illinois Space Society,https://one.illinois.edu/IllinoisSpaceSociety/
Illinois Spikeball Roundnet Club,https://one.illinois.edu/IllinoisSpikeballRoundnetClub/
Illinois Sports Business Conference,https://one.illinois.edu/IllinoisSportsBusinessConference/
Illinois Student American Veterinary Medical Association,https://one.illinois.edu/SAVMA/
Illinois Student Association of Music Scholars,https://one.illinois.edu/IllinoisStudentAssociationofMusicScholars/
Illinois Student Chapter of the American Association of Equine Practitioners,https://one.illinois.edu/ISCAAEP/
Illinois Student Chapter of the Wildlife Disease Association,https://one.illinois.edu/StudentChapteroftheWildlifeDiseaseAssociation/
Illinois Student Chapter of the World Aquatic Veterinary Medical Association,https://one.illinois.edu/ISCWAVMA/
Illinois Student Council,https://isc.illinois.edu
Illinois Student Council on Family Relations,https://one.illinois.edu/StudentCouncilonFamilyRelations/
Illinois Student Organization of Meteorology,https://one.illinois.edu/IllinoisStudentOrganizationofMeteorology/
Illinois Students' Symphony Orchestra,https://one.illinois.edu/IllinoisStudentsSymphonyOrchestra/
Illinois Synchronized Skating,https://one.illinois.edu/IllinoisSynchronizedSkating/
Illinois Trial Team,https://one.illinois.edu/IllinoisTrialTeam/
Illinois Triathlon Club,https://illinoistriclub.web.illinois.edu/
Illinois Undergraduate Moot Court Team,https://one.illinois.edu/IllinoisUndergraduateMootCourtTeam/
Illinois Underwater Hockey,https://sites.google.com/view/illinoisuwh
Illinois Women's Club Basketball,https://one.illinois.edu/IllinoisWomensClubBasketball/
Illinois Women's Fastpitch Softball Club,https://one.illinois.edu/IllinoisWomensFastpitchSoftballClub/
Illinois Women's Lacrosse Club,https://one.illinois.edu/IllinoisWomensLacrosseClub/
Illinois Women's Rowing Club,https://one.illinois.edu/IllinoisWomensRowingClub/
Illinois Women's Rugby Football Club,https://one.illinois.edu/IllinoisWomensRugbyFootballClub/
Illinois Women's Volleyball Club,https://one.illinois.edu/IllinoisWomensVolleyballClub/
IlliNoise On Air,https://one.illinois.edu/IlliNoiseOnAir/
Illio Yearbook,https://one.illinois.edu/IllioYearbook/
ImagiNation Dance Crew,https://one.illinois.edu/ImagiNationDanceCrew/
Impact Investing Club,https://one.illinois.edu/ImpactInvestingClub/
In Between at UIUC,https://one.illinois.edu/InBetween/
In Living Color,https://one.illinois.edu/InLivingColor/
Inactive,https://one.illinois.edu/Inactive/
Indian Graduate Students Association,https://one.illinois.edu/IndianGraduateStudentsAssociation/
Indian Student Association,https://one.illinois.edu/IndianStudentAssociation/
Indonesian Students Club,https://one.illinois.edu/IndonesianStudentsClub/
Inline Insomniacs,https://one.illinois.edu/InlineInsomniacs/
"Institute for Scientific Progress, Innovation, Research and Edutraining",https://www.inspireuiuc.com/home
Institute of Electrical and Electronics Engineers,https://one.illinois.edu/InstituteofElectricalandElectronicsEngineers/
Institute of Industrial & Systems Engineers,https://one.illinois.edu/InstituteofIndustrialSystemsEngineers/
Institute of Transportation Engineers UIUC Chapter,https://one.illinois.edu/InstituteofTransportationEngineers/
Intellectual Property Legal Society,https://one.illinois.edu/IntellectualPropertyLegalSociety/
Intercollegiate IllinoiSkating,https://one.illinois.edu/IntercollegiateIllinoiSkating/
Intercollegiate Transfer Club,https://one.illinois.edu/IntercollegiateTransferClub/
Interdisciplinary Health Educators And Leaders,https://one.illinois.edu/InterdisciplinaryHealthEducatorsAndLeaders/
Interfaith in Action,https://one.illinois.edu/InterfaithinAction/
Interfraternity Council,https://one.illinois.edu/InterfraternityCouncil/
International Business Association,https://one.illinois.edu/InternationalBusinessAssociation/
International Christian Fellowship,https://one.illinois.edu/InternationalChristianFellowship/
International Consulting Network,https://one.illinois.edu/InternationalConsultingNetwork/
International Film Club,https://one.illinois.edu/InternationalFilmClub/
International Friendships,https://one.illinois.edu/InternationalFriendships/
International Illini,https://one.illinois.edu/InternationalIllini/
International Korean Student Association,https://one.illinois.edu/InternationalKoreanStudentAssociation/
International Students Association,https://one.illinois.edu/InternationalStudentsAssociation/
International Students in Pre-Health,https://one.illinois.edu/InternationalStudentsinPreHealth/
International Taekwon-Do Federation Club at Illinois,https://one.illinois.edu/InternationalTaekwonDoFederationClub/
International Water Resources Association,https://one.illinois.edu/InternationalWaterResourcesAssociation/
InterVarsity Christian Fellowship - Illinois Undergrad Chapter,https://one.illinois.edu/InterVarsityChristianFellowshipUndergradChapter/
InterVarsity Graduate Christian Fellowship,http://illinoisgcf.org/wp/
Investment Portfolio Organization,https://one.illinois.edu/InvestmentPortfolioOrganization/
Iranian Cultural Association,https://one.illinois.edu/IranianCulturalAssociation/
Iranian Heritage Foundation,https://one.illinois.edu/IranianHeritageFoundation/
Irish Illini,https://one.illinois.edu/IrishIllini/
iRobotics,https://irobotics.illinois.edu/
It's On Us at UIUC,https://one.illinois.edu/ItsOnUs/
Italian Club,https://one.illinois.edu/ItalianClub/
Jain Student Association,https://one.illinois.edu/JainStudentAssociation/
Japanese Animation Club,https://one.illinois.edu/JapaneseAnimationClub/
Japanese Student Association at UIUC,https://one.illinois.edu/JapaneseStudentAssociation/
Jasmine Field Orchestra,https://one.illinois.edu/JasmineFieldOrchestra/
JET - Jewish Education Team,https://one.illinois.edu/JETJewishEducationTeam/
Jewish Law Students Association,https://one.illinois.edu/JewishLawStudentsAssociation/
Jhealth,https://one.illinois.edu/Jhealth/
Journey International Ministry,https://www.journeyuiuc.org/
K-Project,https://one.illinois.edu/KProject/
Kappa Alpha Pi,https://one.illinois.edu/KappaAlphaPi/
Kappa Alpha Theta Sorority,https://one.illinois.edu/KappaAlphaTheta/
Kappa Delta Rho,https://one.illinois.edu/KappaDeltaRho/
Kappa Delta Sorority,https://one.illinois.edu/KappaDelta/
Kappa Kappa Gamma,https://one.illinois.edu/KappaKappaGamma/
Kappa Kappa Psi,https://one.illinois.edu/KappaKappaPsi/
"Kappa Phi Lambda Sorority, Inc.",https://one.illinois.edu/KappaPhiLambda/
"Kappa Pi Beta National Fraternity, Inc.",https://one.illinois.edu/KappaPiBeta/
Kappa Sigma Fraternity,https://one.illinois.edu/KappaSigma/
Kellsie's Krusaders,https://one.illinois.edu/KellsiesKrusaders/
Kelp,https://one.illinois.edu/Kelp/
Keramos,https://one.illinois.edu/Keramos/
Kick Brass - Brass Band,https://one.illinois.edu/KickBrassBrassBand/
Kinesiology Student Association,https://one.illinois.edu/KinesiologyStudentAssociation/
Kings Assembly Redeemed Christian Church of God,https://one.illinois.edu/KingsAssemblyRedeemedChristianChurchofGod/
Knights of Columbus Council #2782,https://one.illinois.edu/KnightsofColumbusCouncil2782/
KOJOBS,https://one.illinois.edu/KOJOBS/
Korean American Culinary Association,https://one.illinois.edu/KoreanAmericanCulinaryAssociation/
Korean American Student Association,https://one.illinois.edu/KoreanAmericanStudentAssociation/
Korean Architecture & Design Association,https://one.illinois.edu/KoreanArchitectureDesignAssociation/
Korean Cultural Center,https://one.illinois.edu/KoreanCulturalCenter/
Korean Engineering and Science Society,https://one.illinois.edu/KoreanEngineeringandScienceSociety/
Korean Illinois Football Association,https://one.illinois.edu/KoreanIllinoisFootballAssociation/
Korean Jesus-Love Church,https://one.illinois.edu/KoreanJesusLoveChurch/
Korean Liberal Arts Student Organization,https://one.illinois.edu/KoreanLiberalArtsStudentOrganization/
Korean Student Association,https://one.illinois.edu/KoreanStudentAssociation/
La Colectiva,https://one.illinois.edu/LaColectiva/
La Fuerza Flamenca,https://one.illinois.edu/LaFuerzaFlamenca/
"La Unidad Latina, Lambda Upsilon Lambda Fraternity, Inc.",https://one.illinois.edu/LaUnidadLatinaLambdaUpsilonLambda/
Labor and Employment Relations Wellness Committee,https://one.illinois.edu/LaborandEmploymentRelationsWellnessCommittee/
Labor and Industrial Relations Association,https://one.illinois.edu/LaborandIndustrialRelationsAssociation/
Laboratory Animal Medicine Club,https://one.illinois.edu/LaboratoryAnimalMedicineClub/
Lambda Phi Epsilon,https://one.illinois.edu/LambdaPhiEpsilon/
"Lambda Theta Alpha Latin Sorority, Incorporated.",https://one.illinois.edu/LambdaThetaAlphaLatin/
"Lambda Theta Phi Latin Fraternity, Inc.",https://one.illinois.edu/LambdaThetaPhi/
"Languages, Cultures, Literatures and Linguistics Graduate Student Association",https://one.illinois.edu/LanguagesCulturesLiteraturesandLinguisticsGraduateStudentAssociation/
LAS Leaders,https://one.illinois.edu/LASLeaders/
Latinx in Law,https://one.illinois.edu/LatinxinLaw/
Latinx Law Students Association,https://one.illinois.edu/LatinxLawStudentsAssociation/
Latinx Veterinary Medical Association,https://one.illinois.edu/LatinxVeterinaryMedicalAssociation/
Latter-day Saint Student Association at the University of Illinois at Urbana-Champaign,https://one.illinois.edu/LatterdaySaintStudentAssociation/
Law and Medicine at Illinois,https://one.illinois.edu/LawandMedicineatIllinois/
League of Linguists,https://one.illinois.edu/LeagueofLinguists/
Learners of Indigenous Languages of Illinois Articles of Incorporation,https://one.illinois.edu/LearnersofIndigenousLanguagesofIllinoisArticlesofIncorporation/
Lebanese Student Association,https://one.illinois.edu/LebaneseStudentAssociation/
Legend Dance Company,https://one.illinois.edu/LegendDanceCompany/
Lego Masters at UIUC,https://one.illinois.edu/LegoMasters/
Les Claviers,https://one.illinois.edu/LesClaviers/
Letters of Love UIUC,https://one.illinois.edu/LettersofLove/
LGBTJew,https://one.illinois.edu/LGBTJew/
Liberty in North Korea,https://one.illinois.edu/LibertyinNorthKorea/
Life Drawing Club,https://one.illinois.edu/LifeDrawingClub/
Limitless Achievers,https://one.illinois.edu/limitlessachievers/
LinguaMed,https://one.illinois.edu/LinguaMed/
Linguistics Student Organization,https://one.illinois.edu/LinguisticsStudentOrganization/
Liquid Rocketry at Illinois,https://liquidrocket.org
Love + Flour Baking Club,https://one.illinois.edu/LoveFlourBakingClub/
Lucha Robotics,https://one.illinois.edu/LuchaRobotics/
Luso-Brazilian Association,https://one.illinois.edu/LusoBrazilianAssociation/
Lutheran Student Movement,https://one.illinois.edu/LutheranStudentMovement/
M.A.R.V.E.L,https://one.illinois.edu/MARVEL/
Magic the Gathering @ UIUC,https://one.illinois.edu/MagictheGatherig/
Maker Network,https://makernetwork.web.illinois.edu/
Makeup Skincare Club,https://one.illinois.edu/MakeupSkincareClub/
Malaysian Student Association (MaSA),https://one.illinois.edu/MalaysianStudentAssociation/
MannMukti,https://one.illinois.edu/MannMukti/
Material Advantage,https://one.illinois.edu/MaterialAdvantage/
Materials Research Society,https://one.illinois.edu/MaterialsResearchSociety/
Mathematical Advancement Through Research and Idea eXchange,https://one.illinois.edu/MathematicalAdvancementThroughResearchandIdeaeXchange/
MCB Philanthropy,https://one.illinois.edu/MCBPhilanthropy/
Med Initiative,https://one.illinois.edu/MedInitiative/
Medium at UIUC,https://one.illinois.edu/Medium/
MedLaunch,https://one.illinois.edu/MedLaunch/
MEDLIFE UIUC,https://one.illinois.edu/MEDLIFE/
Men of Impact,https://one.illinois.edu/MenofImpact/
Menace Ultimate Frisbee,https://one.illinois.edu/MenaceUltimateFrisbee/
Mentors in Medicine,https://one.illinois.edu/MentorsinMedicine/
Mexican Student Association,https://one.illinois.edu/MexicanStudentAssociation/
Mi Pueblo Spanish Conversation Groups,https://one.illinois.edu/MiPuebloSpanishConversationGroups/
Microbial Early-career Researchers Association,https://one.illinois.edu/MicrobialEarlycareerResearchersAssociation/
Mimosa Dance Crew,https://one.illinois.edu/MimosaDanceCrew/
"Mind, Body, and Soul",https://one.illinois.edu/MindBodyandSoul/
Mindful Movement,https://one.illinois.edu/MindfulMovement/
Minorities for Mutual Aid,https://one.illinois.edu/MinoritiesforMutualAid/
Minorities in Aerospace,https://one.illinois.edu/MinoritiesinAerospace/
"Minorities in Agriculture, Natural Resources and Related Sciences",https://one.illinois.edu/MinoritiesinAgricultureNaturalResourcesandRelatedSciences/
Minorities in Animal Sciences,https://one.illinois.edu/MinoritiesinAnimalSciences/
Minorities in Health Sciences,https://one.illinois.edu/MinoritiesinHealthSciences/
Minorities in STEM,https://one.illinois.edu/MinoritiesinSTEM/
Minority Association for Future Attorneys,https://one.illinois.edu/MinorityAssociationforFutureAttorneys/
Minority Association of Pre-Dental Students,https://one.illinois.edu/MinorityAssociationofPreDentalStudents/
Minority Association of Pre-Medical Students,https://one.illinois.edu/MinorityAssociationofPreMedicalStudents/
Minority Business Students Association,https://one.illinois.edu/MinorityBusinessStudentsAssociation/
Mixed Motions UIUC,https://one.illinois.edu/MixedMotions/
Mixed Student Union,https://one.illinois.edu/MixedStudentUnion/
Moda Belissima,https://one.illinois.edu/ModaBelissima/
Mongolian Cultural Organization at the University of Illinois Urbana-Champaign,https://one.illinois.edu/MongolianCulturalOrganization/
Montage Arts Journal,https://one.illinois.edu/MontageArtsJournal/
MRDC Teams,https://one.illinois.edu/MRDCTeams/
Mu Epsilon Delta,https://one.illinois.edu/MuEpsilonDelta/
Multicultural Student Association,https://one.illinois.edu/MulticulturalStudentAssociation/
Music Education Student Association,https://mesauiuc.wixsite.com/mesauiuc
"Muslim American Society, Urbana-Champaign Chapter",https://one.illinois.edu/MuslimAmericanSociety/
Muslim Law Students Association,https://one.illinois.edu/MuslimLawStudentsAssociation/
Muslim Students Association,https://one.illinois.edu/MuslimStudentsAssociation/
Myra Bradwell Association for Women Law Students,https://one.illinois.edu/MyraBradwellAssociationforWomenLawStudents/
NAMI on Campus UIUC,https://one.illinois.edu/NAMIonCampus/
National Agri-Marketing Association at UIUC,https://one.illinois.edu/NationalAgriMarketingAssociation/
National Arab American Medical Association NextGen at UIUC,https://one.illinois.edu/NationalArabAmericanMedicalAssociationNextGen/
National Association for the Advancement of Colored People,https://one.illinois.edu/NationalAssociationfortheAdvancementofColoredPeople/
National Association of Black Accountants,https://one.illinois.edu/NationalAssociationofBlackAccountants/
National Association of Black Journalists,https://one.illinois.edu/NationalAssociationofBlackJournalists/
National Association of Black Veterinarians at UIUC,https://one.illinois.edu/NationalAssociationofBlackVeterinarians/
"National Association of Colored Women's Clubs, Inc.",https://one.illinois.edu/NationalAssociationofColoredWomensClubs/
National Association of Hispanic Journalists,https://one.illinois.edu/NationalAssociationofHispanicJournalists/
"National Band Association, UIUC Collegiate Chapter",https://one.illinois.edu/NationalBandAssociation/
National Illini Lawyers Association,https://one.illinois.edu/NationalIlliniLawyersAssociation/
National Lawyers Guild,https://one.illinois.edu/NationalLawyersGuild/
National Organization for Business and Engineering,https://one.illinois.edu/NationalOrganizationforBusinessandEngineering/
National Society of Black Engineers,https://one.illinois.edu/NationalSocietyofBlackEngineers/
National Society of Collegiate Scholars,https://one.illinois.edu/NationalSocietyofCollegiateScholars/
National Student Speech Language and Hearing Association,https://one.illinois.edu/NationalStudentSpeechLanguageandHearingAssociation/
Naval Reserve Officers Training Corps,https://one.illinois.edu/NavalReserveOfficersTrainingCorps/
Navigators,https://one.illinois.edu/Navigators/
Nepali Student Association,https://one.illinois.edu/NepaliStudentAssociation/
Network of Enlightened Women,https://one.illinois.edu/NetworkofEnlightenedWomen/
Neuroscience Student Organization,https://one.illinois.edu/NeuroscienceStudentOrganization/
NeuroTech@UIUC,https://one.illinois.edu/NeuroTech/
New City Collegiate,https://one.illinois.edu/NewCityCollegiate/
New Life Korean Church,https://one.illinois.edu/NewLifeKoreanChurch/
Next Generation Leaders,https://one.illinois.edu/NextGenerationLeaders/
Next Generation MHA Leaders,https://one.illinois.edu/NextGenerationMHALeaders/
NMDP,https://one.illinois.edu/NMDP/
No Comment A Cappella,https://one.illinois.edu/NoCommentACappella/
No Strings Attached A Cappella,https://one.illinois.edu/NoStringsAttachedACappella/
No Trace Left Behind,https://one.illinois.edu/NoTraceLeftBehind/
Noble Print Club,https://one.illinois.edu/NoblePrintClub/
North African Student Association,https://one.illinois.edu/NorthAfricanStudentAssociation/
Notion UIUC,https://one.illinois.edu/Notion/
NRES Graduate Student Association,https://one.illinois.edu/NRESGraduateStudentAssociation/
Nuestra Verdad PublicaciÃ³n,https://one.illinois.edu/NuestraVerdadPublicacion/
Numenor Foam Fighting,https://one.illinois.edu/NumenorFoamFighting/
NutrImpact,https://one.illinois.edu/NutrImpact/
Nutrition In Health,https://one.illinois.edu/NutritionInHealth/
Nutritional Sciences Graduate Student Association,https://one.illinois.edu/NutritionalSciencesGraduateStudentAssociation/
October Lovers Club,https://one.illinois.edu/OctoberLoversClub/
Odd Request Improv,https://one.illinois.edu/OddRequestImprov/
Off the Record,https://one.illinois.edu/OfftheRecord/
Off-Road Illini,https://one.illinois.edu/OffRoadIllini/
Omega Chi Epsilon - Chemical Engineering Honor Society,https://one.illinois.edu/OmegaChiEpsilon/
Omega Delta Fraternity,https://one.illinois.edu/OmegaDelta/
"Omega Delta Phi Fraternity, Inc.",https://one.illinois.edu/OmegaDeltaPhi/
Omega Tau Sigma,https://one.illinois.edu/OmegaTauSigma/
Open-Source @ Illinois,https://one.illinois.edu/OpenSource/
"Operation Smile, UIUC Chapter",https://one.illinois.edu/OperationSmile/
Operations Research and Optimization Society,https://one.illinois.edu/operationsresearchoptimizationsociety/
Organic Oneness at UIUC,https://one.illinois.edu/OrganicOneness/
Orthodox Christian Fellowship,https://one.illinois.edu/OrthodoxChristianFellowship/
OTCR Consulting,https://one.illinois.edu/OTCRConsulting/
"Out in Science, Technology, Engineering and Mathematics",https://one.illinois.edu/OutinScienceTechnologyEngineeringandMathematics/
Outdoor Adventure Club,https://one.illinois.edu/OutdoorAdventureClub/
Outlaw,https://one.illinois.edu/Outlaw/
Overseas China Education Foundation at UIUC,https://one.illinois.edu/OverseasChinaEducationFoundation/
PaGeKo Biomimetics Club,https://one.illinois.edu/PaGeKoBiomimeticsClub/
Paint and Pencil,https://one.illinois.edu/PaintandPencil/
Pakistani Students Association,https://one.illinois.edu/PakistaniStudentsAssociation/
Palestine Children's Relief Fund,https://one.illinois.edu/PalestineChildrensReliefFund/
Panhellenic Council,https://one.illinois.edu/PanhellenicCouncil/
Penny Dreadful Players,https://one.illinois.edu/PennyDreadfulPlayers/
Performance UIUC Touch,https://one.illinois.edu/PerformanceUIUCTouch/
Personal Injury and Medical Malpractice Law Society,https://one.illinois.edu/PersonalInjuryandMedicalMalpracticeLawSociety/
Peruvian Student Association,https://one.illinois.edu/PeruvianStudentAssociation/
Phi Alpha Delta - Pre-Law Undergraduate Chapter,https://one.illinois.edu/PhiAlphaDeltaPreLawUndergraduate/
"Phi Alpha Delta Law Fraternity, Magruder Chapter (Illinois Law School)",https://one.illinois.edu/PhiAlphaDeltaLawFraternityMagruderChapter/
Phi Alpha Theta,https://one.illinois.edu/PhiAlphaTheta/
"Phi Beta Sigma Fraternity Inc., Epsilon-Xi Chapter",https://one.illinois.edu/PhiBetaSigma/
Phi Chi Premedical Society,https://one.illinois.edu/PhiChi/
Phi Chi Theta Professional Business Fraternity,https://one.illinois.edu/PhiChiTheta/
Phi Delta Epsilon Medical Fraternity,https://one.illinois.edu/PhiDeltaEpsilon/
Phi Delta Phi - Illini Hall,https://one.illinois.edu/PhiDeltaPhi/
Phi Delta Theta,https://one.illinois.edu/PhiDeltaTheta/
Phi Eta Sigma National Honor Society,https://one.illinois.edu/PhiEtaSigma/
"Phi Gamma Nu, Professional Business Fraternity",https://one.illinois.edu/PhiGammaNu/
"Phi Iota Alpha Fraternity, Inc.",https://one.illinois.edu/PhiIotaAlpha/
Phi Kappa Psi,https://one.illinois.edu/PhiKappaPsi/
Phi Kappa Tau Fraternity,https://one.illinois.edu/PhiKappaTau/
Phi Kappa Theta Fraternity,https://one.illinois.edu/PhiKappaTheta/
Phi Mu Fraternity,https://one.illinois.edu/PhiMu/
Phi Sigma Kappa,https://one.illinois.edu/PhiSigmaKappa/
Phi Sigma Pi,https://one.illinois.edu/PhiSigmaPi/
Phi Sigma Rho Engineering Sorority,https://one.illinois.edu/PhiSigmaRho/
Phi Sigma Sigma,https://one.illinois.edu/PhiSigmaSigma/
Philippine Student Association,https://one.illinois.edu/PhilippineStudentAssociation/
Philosophy Club/Phi Sigma Tau,https://one.illinois.edu/PhilosophyClubPhiSigmaTau/
Photon Pictures,https://one.illinois.edu/PhotonPictures/
Physical Education Teacher Education Club,https://one.illinois.edu/PhysicalEducationTeacherEducationClub/
Physics Society / Society of Physics Students,https://one.illinois.edu/PhysicsSocietySocietyofPhysicsStudents/
Pi Beta Phi Sorority,https://one.illinois.edu/PiBetaPhi/
Pi Kappa Alpha,https://one.illinois.edu/PiKappaAlpha/
Pi Kappa Phi,https://one.illinois.edu/PiKappaPhi/
"Pi Lambda Chi Latina Sorority, Inc.",https://one.illinois.edu/PiLambdaChi/
Pi Rho Omega,https://one.illinois.edu/PiRhoOmega/
Pi Sigma Gamma,https://one.illinois.edu/PiSigmaGamma/
Pi Tau Sigma,https://one.illinois.edu/PiTauSigma/
Pizza.fm,https://one.illinois.edu/Pizzafm/
Plan P Music Studio,https://one.illinois.edu/planpmusicstudio/
Planned Parenthood Generation Action,https://one.illinois.edu/PlannedParenthoodGenerationAction/
PLANT,https://one.illinois.edu/PLANT/
Point Four Photography,https://one.illinois.edu/PointFourPhotography/
Poker Club at Illinois,https://one.illinois.edu/PokerClub/
Polish Club Zagloba,https://one.illinois.edu/PolishClubZagloba/
Political Science Graduate Student Association,https://one.illinois.edu/PoliticalScienceGraduateStudentAssociation/
Positive Illini,https://one.illinois.edu/PositiveIllini/
Positive Pre-Meds,https://one.illinois.edu/PositivePreMeds/
Potted Meat Sketch Comedy,https://one.illinois.edu/PottedMeatSketchComedy/
Power Engineers,https://one.illinois.edu/PowerEngineers/
Power Pilates,https://one.illinois.edu/PowerPilates/
Pre-Athletic Training Club,https://one.illinois.edu/PreAthleticTrainingClub/
Pre-Dental Club,https://one.illinois.edu/PreDentalClub/
Pre-Genetic Counseling Club,https://one.illinois.edu/PreGeneticCounselingClub/
Pre-Health Latino Undergraduate Society,https://one.illinois.edu/PreHealthLatinoUndergraduateSociety/
Pre-Law Honors Society: The Order of Prospective Lawyers,https://one.illinois.edu/PreLawHonorsSocietyTheOrderofProspectiveLawyers/
Pre-Occupational Therapy Association,https://one.illinois.edu/PreOccupationalTherapyAssociation/
Pre-Optometry Club,https://one.illinois.edu/PreOptometryClub/
Pre-Pharmacy Club,https://one.illinois.edu/PrePharmacyClub/
Pre-Physical Therapy Club,https://one.illinois.edu/PrePhysicalTherapyClub/
Pre-Physician Assistant Club,https://one.illinois.edu/PrePhysicianAssistantClub/
Pre-Podiatry Club,https://one.illinois.edu/PrePodiatryClub/
Pre-Vet Club,https://one.illinois.edu/PreVetClub/
Prime Mergers & Acquisitions,https://one.illinois.edu/PrimeMergersAcquisitions/
Privacy and Security Law Society,https://one.illinois.edu/PrivacyandSecurityLawSociety/
Private Equity @ Illinois,https://one.illinois.edu/PrivateEquity/
Product Management @ Illinois,https://one.illinois.edu/ProductManagement/
Product Space UIUC,https://one.illinois.edu/ProductSpace/
Production Medicine Club,https://one.illinois.edu/ProductionMedicineClub/
Project 4 Less,https://one.illinois.edu/Project4Less/
Project Code UIUC,https://one.illinois.edu/ProjectCode/
Promoting Undergraduate Research in Engineering,https://one.illinois.edu/PromotingUndergraduateResearchinEngineering/
Prospanica,https://one.illinois.edu/Prospanica/
PRSSA@ILLINOIS,https://one.illinois.edu/PRSSAILLINOIS/
Psi Eta Mu - iSchool Professional Fraternity,https://one.illinois.edu/PsiEtaMu/
Public Health Professionals,https://one.illinois.edu/PublicHealthProfessionals/
Public Interest Law Foundation,https://one.illinois.edu/PublicInterestLawFoundation/
Puerto Rican Student Association,https://one.illinois.edu/puertoricanstudentassociation/
Pulse,https://one.illinois.edu/Pulse/
Quant,https://one.illinois.edu/Quant/
Queer Book Club,https://one.illinois.edu/QueerBookClub/
Queer Educators Collective,https://one.illinois.edu/QueerEducatorsCollective/
Queer Library Alliance,https://one.illinois.edu/QueerLibraryAlliance/
Queer Muslim,https://one.illinois.edu/QueerMuslim/
Raas Mania,https://one.illinois.edu/RaasMania/
Random Acts of Kindness at UIUC,https://one.illinois.edu/RandomActsofKindness/
Re: Cover,https://one.illinois.edu/recover/
REACH,https://one.illinois.edu/REACH/
Reaching Across Classes,https://one.illinois.edu/ReachingAcrossClasses/
Real Estate Law Society,https://one.illinois.edu/RealEstateLawSociety/
Recreational Volleyball,https://one.illinois.edu/RecreationalVolleyball/
Red Bison Ecological Restoration,https://one.illinois.edu/RedBisonEcologicalRestoration/
Red Crescent Moon,https://one.illinois.edu/redcrescentmoon/
Redefine Beauty,https://one.illinois.edu/RedefineBeauty/
Reformed University Fellowship,https://one.illinois.edu/ReformedUniversityFellowship/
Retrocomputing and Hardware at Illinois,https://one.illinois.edu/RetrocomputingandHardware/
"Rho Epsilon, Student Real Estate Association",https://one.illinois.edu/RhoEpsilon/
Ricker Report,https://one.illinois.edu/RickerReport/
Robobrawl,https://one.illinois.edu/Robobrawl/
Root to Roof,https://one.illinois.edu/RoottoRoof/
Roots Christian Fellowship,https://one.illinois.edu/RootsChristianFellowship/
Roselle,https://one.illinois.edu/Roselle/
Rube Goldberg Society,https://one.illinois.edu/RubeGoldbergSociety/
Rural Area Student Initiative,https://one.illinois.edu/RuralAreaStudentInitiative/
Russian Speaking Organization,https://one.illinois.edu/RussianSpeakingOrganization/
Sage Sustainability,https://one.illinois.edu/SageSustainability/
Saudi Students Association,https://one.illinois.edu/SaudiStudentsAssociation/
Save the Children Action Network at University of Illinois at Urbana Champaign,https://one.illinois.edu/SavetheChildrenActionNetwork/
Scandinavian Club,https://one.illinois.edu/ScandinavianClub/
Science Policy Group,https://one.illinois.edu/SciencePolicyGroup/
Security Studies Group,https://one.illinois.edu/SecurityStudiesGroup/
Semper Fi Society,https://one.illinois.edu/SemperFiSociety/
Serbian Student Association,https://one.illinois.edu/SerbianStudentAssociation/
Service and Fortitude,https://one.illinois.edu/ServiceandFortitude/
SGI Buddhists for World Peace,https://one.illinois.edu/SGIBuddhistsforWorldPeace/
She's the First UIUC,https://one.illinois.edu/ShestheFirst/
Shorthand Club,https://one.illinois.edu/ShorthandClub/
Sibshops UIUC,https://one.illinois.edu/Sibshops/
Sigma Alpha Epsilon Fraternity,https://one.illinois.edu/SigmaAlphaEpsilon/
Sigma Alpha Iota International Music Fraternity for Women,https://one.illinois.edu/SigmaAlphaIota/
Sigma Alpha Professional Agricultural Sorority,https://one.illinois.edu/SigmaAlpha/
"Sigma Beta Rho Fraternity, Inc.",https://one.illinois.edu/SigmaBetaRho/
Sigma Chi Fraternity,https://one.illinois.edu/SigmaChi/
Sigma Delta Tau,https://one.illinois.edu/SigmaDeltaTau/
"Sigma Gamma Rho Sorority, Inc.",https://one.illinois.edu/SigmaGammaRho/
Sigma Lambda Beta International Fraternity Inc.-Kappa Chapter,https://one.illinois.edu/SigmaLambdaBet/
Sigma Lambda Gamma National Sorority Inc. Delta Chapter,https://one.illinois.edu/SigmaLambdaGamma/
Sigma Nu Fraternity,https://one.illinois.edu/SigmaNu/
Sigma Phi Delta Fraternity,https://one.illinois.edu/SigmaPhiDelta/
Sigma Phi Epsilon,https://one.illinois.edu/SigmaPhiEpsilon/
"Sigma Psi Zeta Sorority, Inc.",https://one.illinois.edu/SigmaPsiZeta/
Sigma Tau Delta at Illinois,https://one.illinois.edu/SigmaTauDelta/
Sikh Student Association,https://one.illinois.edu/SikhStudentAssociation/
Singapore Students Association,https://one.illinois.edu/SingaporeStudentsAssociation/
Sino U.S. Trade Research Group,https://one.illinois.edu/SinoUSTradeResearchGroup/
SKY Meditation at UIUC,https://one.illinois.edu/SKYMeditation/
Social Gaming Club,https://one.illinois.edu/SocialGamingClub/
Social Justice Initiative,https://one.illinois.edu/SocialJusticeInitiative/
Society for Business Management in Architecture,https://one.illinois.edu/SocietyforBusinessManagementinArchitecture/
Society for Engineering Mechanics,https://one.illinois.edu/SocietyforEngineeringMechanics/
Society for Equity in Astronomy,https://one.illinois.edu/SocietyforEquityinAstronomy/
Society for Industrial and Applied Mathematics,https://one.illinois.edu/SocietyforIndustrialandAppliedMathematics/
Society for the Advancement of Chicanos and Native Americans in Science - UIUC Chapter,https://one.illinois.edu/SocietyfortheAdvancementofChicanosandNativeAmericansinScience/
Society for the Promotion of Indian Classical Music and Culture Amongst Youth,https://one.illinois.edu/SocietyforthePromotionofIndianClassicalMusicandCultureAmongstYouth/
"Society for Theriogenology, Illinois Student Chapter",https://one.illinois.edu/SocietyforTheriogenology/
Society for Underrepresented Physics Students,https://one.illinois.edu/SocietyforUnderrepresentedPhysicsStudents/
Society for Women in Physics,https://one.illinois.edu/SocietyforWomeninPhysics/
Society of American Archivists,https://one.illinois.edu/SocietyofAmericanArchivists/
Society of Asian Scientists and Engineers,https://one.illinois.edu/SocietyofAsianScientistsandEngineers/
Society of Hispanic Professional Engineers,https://one.illinois.edu/SocietyofHispanicProfessionalEngineers/
Society of Minority Students in History,https://one.illinois.edu/SocietyofMinorityStudentsinHistory/
Society of Professional Journalists,https://one.illinois.edu/SocietyofProfessionalJournalists/
Society of Women Engineers,https://one.illinois.edu/SocietyofWomenEngineers/
Society of Women in Business,https://one.illinois.edu/SocietyofWomeninBusiness/
Society of Women in Public Affairs,https://swpauiuc.com/
Solar Chapter,https://one.illinois.edu/SolarChapter/
South Asian Law Students Association,https://one.illinois.edu/SouthAsianLawStudentsAssociation/
Space Law Society,https://one.illinois.edu/SpaceLawSociety/
Spanish and Portuguese Graduate Organization,https://one.illinois.edu/SpanishandPortugueseGraduateOrganization/
Special Populations' Student Health Concerns Committee,https://one.illinois.edu/SpecialPopulationsStudentHealthConcernsCommittee/
Speech Club,https://one.illinois.edu/SpeechClub/
Spicy Clamato Improv,https://one.illinois.edu/SpicyClamatoImprov/
Sports & Entertainment Law Society,https://one.illinois.edu/SportsEntertainmentLawSociety/
Sports Analytics for Minorities,https://one.illinois.edu/SportsAnalyticsforMinorities/
Sports Analytics Society,https://one.illinois.edu/SportsAnalyticsSociety/
Sports Business Association,https://one.illinois.edu/SportsBusinessAssociation/
Sports Consulting Agency,https://one.illinois.edu/SportsConsultingAgency/
Squash Club @ UIUC,https://one.illinois.edu/SquashClub/
Squirrel and Bird Watching Club,https://one.illinois.edu/SquirrelandBirdWatchingClub/
Sri Lankan Cultural Association,https://one.illinois.edu/srilankanculturalassocaition/
Star Wars Club,https://one.illinois.edu/StarWarsClub/
Statistics Doctoral Student Association,https://one.illinois.edu/StatisticsDoctoralStudentAssociation/
Steel Bridge,https://one.illinois.edu/SteelBridge/
STEM Mental Health Initiative,https://one.illinois.edu/STEMMentalHealthInitiative/
Stiletto Queens,https://one.illinois.edu/StilettoQueens/
Stitching Illini,https://one.illinois.edu/StitchingIllini/
Strategic Poker,https://one.illinois.edu/StrategicPoker/
Strengthening and Empowering Educators of Diverse Statuses,https://one.illinois.edu/StrengtheningandEmpoweringEducatorsofDiverseStatuses/
Structural Engineering Graduate Student Organization,https://one.illinois.edu/StructuralEngineeringGraduateStudentOrganization/
Student Academy of Audiology,https://one.illinois.edu/StudentAcademyofAudiology/
Student Advocacy Coalition,https://one.illinois.edu/StudentAdvocacyCoalition/
Student Aircraft Builders,https://one.illinois.edu/StudentAircraftBuilders/
Student Alumni Ambassadors,https://one.illinois.edu/StudentAlumniAmbassadors/
Student Ambassadors of UIPD,https://one.illinois.edu/StudentAmbassadorsofUIPD/
Student Art History Association,https://one.illinois.edu/StudentArtHistoryAssociation/
Student Bar Association,https://one.illinois.edu/StudentBarAssociation/
Student Basic Needs Coalition @ University of Illinois at Urbana- Champaign,https://one.illinois.edu/StudentBasicNeedsCoalition/
Student Dietetic Association,https://one.illinois.edu/StudentDieteticAssociation/
Student Media Marketing Association,https://one.illinois.edu/StudentMediaMarketingAssociation/
Student Nurses' Association,https://one.illinois.edu/StudentNursesAssociation/
Student Opportunities for After School Resources,https://one.illinois.edu/StudentOpportunitiesforAfterSchoolResources/
Student Parents at UIUC,https://one.illinois.edu/StudentParents/
Student Planning Organization,https://one.illinois.edu/StudentPlanningOrganization/
Student Society for Human Resource Management,https://one.illinois.edu/studentsocietyforhumanresourcemanagement/
Students Consulting for Nonprofit Organizations,https://illiniscno.org/
Students for Environmental Concerns,https://one.illinois.edu/StudentsforEnvironmentalConcerns/
Students for Justice in Palestine,https://one.illinois.edu/StudentsforJusticeinPalestine/
Students for Sensible Drug Policy,https://one.illinois.edu/StudentsforSensibleDrugPolicy/
Students for Socialism and Liberation,https://one.illinois.edu/StudentsforSocialismandLiberation/
Students Organize for Syria,https://one.illinois.edu/StudentsOrganizeforSyria/
STYL Project,https://one.illinois.edu/STYLProject/
Sudden Cardiac-Death Awareness Research Foundation: University of Illinois at Urbana-Champaign Chapter,https://one.illinois.edu/SuddenCardiacDeathAwarenesResearchFoundation/
SUITS,https://one.illinois.edu/SUITS/
Suits and Pantsuits,https://one.illinois.edu/SuitsandPantsuits/
Supply Chain Academy,https://one.illinois.edu/SupplyChainAcademy/
Supply Chain Management Association an ASCM Chapter,https://one.illinois.edu/SupplyChainManagementAssociationanASCMChapter/
Survivor Club,https://one.illinois.edu/SurvivorClub/
Synton Amateur Radio Club,https://one.illinois.edu/SyntonAmateurRadioClub/
Taiwan Leopards Sports Association,https://one.illinois.edu/TaiwanLeopardsSportsAssociation/
Taiwanese American Students Club,https://one.illinois.edu/TaiwaneseAmericanStudentsClub/
Taiwanese Student Association,https://one.illinois.edu/TaiwaneseStudentAssociation/
TAMID Group at Illinois,https://one.illinois.edu/TAMIDGroup/
Tau Beta Pi Engineering Honor Society,https://one.illinois.edu/TauBetaPi/
Tau Kappa Epsilon Fraternity,https://one.illinois.edu/TauKappaEpsilon/
TAU SIGMA National Honor Society,https://one.illinois.edu/TAUSIGMA/
Tax Advisors for the Champaign Society,https://one.illinois.edu/TaxAdvisorsfortheChampaignSociety/
Taylor Swift Society,https://one.illinois.edu/TaylorSwiftSociety/
Tea & Company,https://one.illinois.edu/TeaCompany/
Team ENOUGH Illini,https://one.illinois.edu/TeamENOUGHIllini/
TEDxUIUC,https://one.illinois.edu/TEDxUIUC/
The American Chemical Society East Central Illinois Women Chemists Committee,https://one.illinois.edu/TheAmericanChemicalSocietyEastCentralIllinoisWomenChemistsCommittee/
The Arts Initiative,https://one.illinois.edu/TheArtsInitiative/
The Baha'i Association at the University of Illinois,https://one.illinois.edu/TheBahaiAssociation/
The Canopy Club Connectors,https://one.illinois.edu/TheCanopyClubConnectors/
The Change,https://one.illinois.edu/TheChange/
The Classics Club,https://one.illinois.edu/TheClassicsClub/
The Collective Magazine,https://one.illinois.edu/TheCollectiveMagazine/
The Commu.n.i.t.y,https://one.illinois.edu/TheCommunity/
The Creative REALM,https://one.illinois.edu/TheCreativeREALM/
The Dressember Organization of the University of Illinois at Urbanba Champaign,https://one.illinois.edu/DressemberOrganization/
The Fashion Network,https://one.illinois.edu/TheFashionNetwork/
The Financial Planning Club at Illinois,https://one.illinois.edu/TheFinancialPlanningClubatIllinois/
The Hemp Club,https://one.illinois.edu/TheHempClub/
The Hoeft Technology and Management Program Student Organization,https://one.illinois.edu/TheHoeftTechnologyandManagementProgramStudentOrganization/
The Illini Metagamers,https://one.illinois.edu/TheIlliniMetagamers/
The Illini Swing Society,https://one.illinois.edu/TheIlliniSwingSociety/
The Illinois Alt. Protein Project,https://one.illinois.edu/TheIllinoisAltProteinProject/
The Illinois Student Undergraduate Research Journal,https://one.illinois.edu/TheIllinoisStudentUndergraduateResearchJournal/
The Immigration Law Society,https://one.illinois.edu/TheImmigrationLawSociety/
The Kat Walk,https://one.illinois.edu/TheKatWalk/
"The Manga, Manhwa, and Manhua Club",https://one.illinois.edu/TheMangaManhwaandManhuaClub/
The National Organization of Minority Architecture Students,https://one.illinois.edu/TheNationalOrganizationofMinorityArchitectureStudents/
The National Society of Pershing Rifles,https://one.illinois.edu/TheNationalSocietyofPershingRifles/
The Other Guys,https://one.illinois.edu/TheOtherGuys/
The Phoenix Improv Company,https://one.illinois.edu/ThePhoenixImprovCompany/
The Prancing Illinettes,https://one.illinois.edu/ThePrancingIllinettes/
The Prancing Pearls,https://one.illinois.edu/ThePrancingPearls/
The Punch Line,https://one.illinois.edu/ThePunchLine/
The Queer Social Planning Committee,https://one.illinois.edu/TheQueerSocialPlanningCommittee/
The Red Shoe Foundation,https://one.illinois.edu/TheRedShoeFoundation/
The Sazon Collective,https://one.illinois.edu/TheSazonCollective/
The Scholarly Reading Circle For Economics at UIUC,https://one.illinois.edu/TheScholarlyReadingCircleForEconomics/
The Shire of Caer Gwyn,https://one.illinois.edu/TheShireofCaerGwyn/
The Society of Art History and Fine Arts (SAHFA),https://one.illinois.edu/societyofarthistoryandfinearts/
The SODA,https://one.illinois.edu/TheSODA/
The Student Chapter of the American Holistic Veterinary Medicine Association at the University of Illinois,https://one.illinois.edu/TheStudentChapteroftheAmericanHolisticVeterinaryMedicineAssociation/
The What You Will Shakespeare Company,https://one.illinois.edu/TheWhatYouWillShakespeareCompany/
"The Wildlife Society, University of Illinois at Urbana-Champaign Student Chapter",https://one.illinois.edu/TheWildlifeSociety/
The Women's Network UIUC,https://one.illinois.edu/TheWomensNetwork/
Themed Entertainment Association at University of Illinois Urbana-Champaign,https://one.illinois.edu/ThemedEntertainmentAssociation/
Theta Chi Fraternity - Rho Chapter,https://one.illinois.edu/ThetaChi/
Theta Tau Professional Engineering Fraternity,https://one.illinois.edu/ThetaTau/
Theta Xi Fraternity,https://one.illinois.edu/ThetaXi/
Thomistic Institute at University of Illinois at Urbana-Champaign,https://one.illinois.edu/ThomisticInstitute/
THRUST,https://one.illinois.edu/THRUST/
Timothy Bible Fellowship,https://one.illinois.edu/TimothyBibleFellowship/
Track and Field Club,https://one.illinois.edu/TrackandFieldClub/
Transportation and Development Institute Graduate Student Organization,https://one.illinois.edu/TransportationandDevelopmentInstituteGraduateStudentOrganization/
Travel and Hospitality Association,https://one.illinois.edu/TravelandHospitalityAssociation/
Traveling Illini,https://one.illinois.edu/TravelingIllini/
Treasure Club,https://one.illinois.edu/TreasureClub/
Tree Climbing Club,https://one.illinois.edu/TreeClimbingClub/
Triangle Fraternity,https://one.illinois.edu/Triangle/
True Vine,https://one.illinois.edu/TrueVine/
TRUTH AND BEAUTY,https://one.illinois.edu/TRUTHANDBEAUTY/
Turkish Student Association,https://one.illinois.edu/TurkishStudentAssociation/
Turning Point USA,https://one.illinois.edu/TurningPointUSA/
Twin City Bible Church Students Organization,https://one.illinois.edu/TwinCityBibleChurchStudentsOrganization/
Tzu Chi Collegiate Association,https://one.illinois.edu/TzuChiCollegiateAssociation/
U.I.,https://one.illinois.edu/IllinoisUI/
Udaan,https://one.illinois.edu/Udaan/
UIUC Contract Bridge,https://one.illinois.edu/ContractBridge/
UIUC Fataaka,https://one.illinois.edu/Fataaka/
Ukrainian Student Association,https://one.illinois.edu/UkrainianStudentAssociation/
Undergraduate History Journal at Illinois,https://one.illinois.edu/UndergraduateHistoryJournal/
Undergraduate Law Review at the University of Illinois at Urbana-Champaign,https://one.illinois.edu/UndergraduateLawReview/
Undergraduate Neuroscience Society,https://one.illinois.edu/UndergraduateNeuroscienceSociety/
Undergraduate Psychology Association,https://one.illinois.edu/UndergraduatePsychologyAssociation/
Underrepresented Muslims and Minority Advocates,https://one.illinois.edu/UnderrepresentedMuslimsandMinorityAdvocates/
UNICEF at UIUC,https://one.illinois.edu/UNICEF/
UniPlace Community Service,https://one.illinois.edu/UniPlaceCommunityService/
United Church of Christ Campus Ministry,https://one.illinois.edu/UnitedChurchofChristCampusMinistry/
United Greek Council,https://one.illinois.edu/UnitedGreekCouncil/
University of Illinois Pre-Law Club,https://one.illinois.edu/UniversityofIllinoisPreLawClub/
University Vegetarians,https://one.illinois.edu/UniversityVegetarians/
University YMCA Student Board,https://one.illinois.edu/UniversityYMCAStudentBoard/
Uplift,https://one.illinois.edu/Uplift/
Varsity Men's Glee Club at the University of Illinois,https://one.illinois.edu/VarsityMensGleeClub/
Velocity Dance,https://one.illinois.edu/VelocityDance/
Venture Capital Association,https://one.illinois.edu/VentureCapitalAssociation/
vermiCUlture,https://one.illinois.edu/vermiCUlture/
Vet Med in Academia,https://one.illinois.edu/VetMedinAcademia/
Veterinarians as One Inclusive Community for Empowerment,https://one.illinois.edu/VeterinariansasOneInclusiveCommunityforEmpowerment/
Video Game Music Club,https://one.illinois.edu/VideoGameMusicClub/
Vietnamese Student Association,https://one.illinois.edu/VietnameseStudentAssociation/
Village Book Builders UIUC,https://one.illinois.edu/VillageBookBuilders/
Virtual Reality Club at UIUC,https://one.illinois.edu/VirtualRealityClub/
Vis-A-Vis Tutoring,https://one.illinois.edu/VisAVisTutoring/
Vitality Dance Team,https://one.illinois.edu/VitalityDanceTeam/
Volunteer Illini Projects,https://one.illinois.edu/VolunteerIlliniProjects/
weDignify-UIUC,https://one.illinois.edu/weDignify/
Wesley Foundation Student Fellowship,https://one.illinois.edu/WesleyFoundationStudentFellowship/
WeXpress UIUC,https://one.illinois.edu/WeXpress/
Whiskers and Paws,https://one.illinois.edu/whiskersandpaws/
Wishmakers at UIUC,https://one.illinois.edu/Wishmakers/
Women & Gender Minorites in Physics,https://one.illinois.edu/WomenGenderMinoritesinPhysics/
Women in Aerospace,https://one.illinois.edu/WomeninAerospace/
Women In Architecture-UIUC,https://one.illinois.edu/WomenInArchitecture/
Women in Chemical Sciences,https://one.illinois.edu/WomeninChemicalSciences/
Women in Civil and Environmental Engineering,https://one.illinois.edu/WomeninCivilandEnvironmentalEngineering/
Women in Computer Science,https://one.illinois.edu/WomeninComputerScience/
Women In CyberSecurity Student Chapter,https://one.illinois.edu/WomenInCyberSecurityStudentChapter/
Women in Electrical and Computer Engineering,https://one.illinois.edu/WomeninElectricalandComputerEngineering/
Women in Mechanical Science and Engineering,https://one.illinois.edu/WomeninMechanicalScienceandEngineering/
Women in Nuclear Student Chapter at the University of Illinois,https://one.illinois.edu/WomeninNuclearStudentChapterattheUniversityofIllinois/
Women in Psychology,https://one.illinois.edu/WomeninPsychology/
Women of Color,https://one.illinois.edu/WomenofColor/
Women of Pride,https://one.illinois.edu/WomenofPride/
Women's Glee Club,https://one.illinois.edu/WomensGleeClub/
Women's Undergraduate Law Society,https://one.illinois.edu/WomensUndergraduateLawSociety/
WPGU-FM 107.1,https://one.illinois.edu/WPGUFM1071/
Wrapsody Dance Co.,https://one.illinois.edu/WrapsodyDanceCo/
Wrestling Club at University of Illinois,https://one.illinois.edu/WrestlingClub/
Writers Organizing Realistic Dialect,https://one.illinois.edu/WritersOrganizingRealisticDialect/
Written Arts and Media Club,https://one.illinois.edu/WrittenArtsandMediaClub/
Xtension Chords A Cappella,https://one.illinois.edu/XtensionChordsACappella/
Young Americans for Freedom,https://one.illinois.edu/YoungAmericansforFreedom/
Young Americans for Liberty,https://one.illinois.edu/YoungAmericansforLiberty/
"Young Americans for Solidarity, UIUC",https://one.illinois.edu/YoungAmericansforSolidarity/
Young Democratic Socialists of America,https://one.illinois.edu/YoungDecocraticSocialistsofAmerica/
Youth Sports Relief Team,https://one.illinois.edu/YouthSportsReliefTeam/
Zero2One,https://one.illinois.edu/Zero2One/
Zeta Beta Tau,https://one.illinois.edu/ZetaBetaTau/
Zeta Phi Beta,https://one.illinois.edu/ZetaPhiBeta/
Zeta Psi Fraternity,https://one.illinois.edu/ZetaPsi/
Zhejiang University Alumni Association at Champaign,https://one.illinois.edu/ZhejiangUniversityAlumniAssociation/
Zindaa UIUC,https://one.illinois.edu/Zindaa/
